-1005;
-970;
-970;
-1034;
-1111;
-864;
-1051;
-991;
-1128;
-988;
-985;
-967;
-880;
-926;
-1128;
-1135;
-925;
-1074;
-1022;
-923;
-1101;
-935;
-977;
-947;
-982;
-1206;
-907;
-1072;
-1006;
-1085;
-799;
-962;
-938;
-1047;
-1111;
-1047;
-1132;
-1072;
-1047;
-1013;
-911;
-922;
-1003;
-1025;
-1110;
-1081;
-1029;
-950;
-1170;
-986;
-981;
-1078;
-989;
-975;
-1067;
-1024;
-1090;
-1011;
-865;
-939;
-1266;
-1061;
-1207;
-1073;
-881;
-1123;
-969;
-1065;
-1228;
-1088;
-1009;
-943;
-1074;
-1069;
-968;
-1003;
-1005;
-967;
-1071;
-945;
-1115;
-1054;
-1031;
-1006;
-1263;
-1190;
-948;
-929;
-1120;
-1039;
-1169;
-910;
-1023;
-988;
-981;
-962;
-1080;
-923;
-1050;
-1009;
-970;
-1066;
-977;
-1035;
-1018;
-1165;
-990;
-1050;
-930;
-926;
-1062;
-977;
-1017;
-887;
-1112;
-1136;
-1121;
-942;
-1062;
-964;
-997;
-1174;
-1084;
-1026;
-990;
-1058;
-1026;
-936;
-1057;
-1057;
-906;
-1029;
-1131;
-1097;
-1011;
-1066;
-1001;
-1158;
-973;
-1091;
-1057;
-1085;
-1107;
-897;
-895;
-1144;
-1277;
-1081;
-943;
-967;
-965;
-1032;
-913;
-1100;
-979;
-1001;
-1067;
-1069;
-1103;
-1081;
-1026;
-963;
-1029;
-1127;
-1011;
-1000;
-1031;
-1093;
-1060;
-959;
-999;
-1089;
-984;
-1123;
-1012;
-931;
-1197;
-1043;
-875;
-1048;
-983;
-1069;
-1076;
-993;
-958;
-1090;
-1146;
-1027;
-959;
-978;
-1031;
-1035;
-1040;
-1050;
-1017;
-1020;
-1074;
-947;
-1050;
-890;
-1002;
-973;
-1098;
-1120;
-1057;
-1135;
-898;
-1140;
-976;
-1138;
-1095;
-1001;
-1113;
-1077;
-1042;
-997;
-912;
-877;
-1120;
-1132;
-928;
-1071;
-885;
-988;
-1074;
-972;
-1118;
-849;
-1168;
-1105;
-1111;
-1045;
-1115;
-1031;
-864;
-1043;
-1078;
-1066;
-917;
-1065;
-1190;
-959;
-1016;
-1050;
-1040;
-1101;
-992;
-996;
-975;
-1088;
-996;
-1032;
-1092;
-1008;
-1054;
-997;
-1114;
-982;
-1042;
-1064;
-960;
-1081;
-1044;
-1157;
-1101;
-1079;
-1032;
-1098;
-1062;
-1015;
-973;
-984;
-1062;
-965;
-1084;
-950;
-1188;
-1007;
-1049;
-1130;
-971;
-958;
-1034;
-1004;
-914;
-1043;
-1009;
-1057;
-1101;
-1041;
-1084;
-1050;
-853;
-1017;
-1008;
-1024;
-1028;
-994;
-960;
-1119;
-1026;
-861;
-1158;
-1092;
-951;
-969;
-1198;
-1132;
-883;
-967;
-971;
-1062;
-1117;
-1028;
-986;
-1070;
-956;
-958;
-1031;
-1015;
-1091;
-917;
-1075;
-1005;
-999;
-962;
-965;
-1030;
-1036;
-929;
-1090;
-1078;
-908;
-1051;
-1104;
-1005;
-1093;
-872;
-1061;
-1007;
-1096;
-1015;
-975;
-936;
-1160;
-1118;
-1029;
-941;
-942;
-1069;
-1034;
-1017;
-1129;
-1055;
-915;
-1120;
-1008;
-1104;
-966;
-1014;
-1105;
-972;
-1053;
-1127;
-1110;
-1152;
-1106;
-1039;
-945;
-1079;
-950;
-1128;
-1009;
-932;
-1091;
-974;
-1087;
-925;
-962;
-996;
-1142;
-986;
-1005;
-1059;
-1247;
-1086;
-1055;
-1035;
-955;
-981;
-1020;
-1019;
-985;
-1120;
-1030;
-959;
-1099;
-1065;
-1056;
-968;
-993;
-964;
-1113;
-1064;
-1033;
-1094;
-1074;
-1031;
-1123;
-878;
-976;
-890;
-985;
-998;
-949;
-1059;
-1196;
-1145;
-1118;
-1092;
-1056;
-1119;
-976;
-1080;
-1119;
-1101;
-1131;
-1023;
-1088;
-1009;
-816;
-1031;
-1021;
-1003;
-1127;
-1024;
-1053;
-1000;
-934;
-1062;
-993;
-1107;
-1047;
-1055;
-932;
-1041;
-1020;
-1067;
-1139;
-1096;
-912;
-1003;
-903;
-1073;
-975;
-1082;
-1038;
-994;
-984;
-959;
-999;
-915;
-1101;
-926;
-978;
-1006;
-950;
-1137;
-1091;
-998;
-1013;
-979;
-1011;
-892;
-1017;
-1131;
-1012;
-1090;
-1044;
-1133;
-1078;
-1132;
-1070;
-1027;
-995;
-1084;
-1084;
-1073;
-1097;
-1011;
-933;
-1152;
-874;
-913;
-1018;
-992;
-1152;
-1139;
-1048;
-1061;
-1034;
-1057;
-932;
-1118;
-1065;
-1062;
-1008;
-878;
-1046;
-1010;
-982;
-1023;
-1173;
-1079;
-1074;
-969;
-1110;
-968;
-1083;
-1049;
-958;
-1098;
-1032;
-884;
-1026;
-897;
-978;
-981;
-1099;
-1025;
-1068;
-1027;
-1007;
-1000;
-1158;
-929;
-922;
-1015;
-931;
-1092;
-1066;
-1102;
-1021;
-1117;
-1077;
-847;
-920;
-1120;
-901;
-1052;
-1003;
-1074;
-1121;
-1072;
-896;
-1090;
-904;
-993;
-966;
-961;
-1001;
-1035;
-990;
-1025;
-1113;
-1070;
-934;
-909;
-1047;
-1017;
-910;
-1172;
-1028;
-1050;
-960;
-977;
-1136;
-960;
-1079;
-1047;
-1078;
-1097;
-1054;
-1027;
-828;
-1108;
-1131;
-1039;
-944;
-973;
-1115;
-1040;
-843;
-977;
-1122;
-1182;
-1027;
-1024;
-1031;
-958;
-1112;
-1042;
-1099;
-1083;
-992;
-1050;
-1043;
-1054;
-963;
-1074;
-1107;
-1152;
-925;
-1055;
-1044;
-930;
-1120;
-1169;
-912;
-1043;
-1104;
-1001;
-1072;
-1095;
-906;
-1022;
-1042;
-1124;
-1239;
-1013;
-1005;
-991;
-1083;
-989;
-1102;
-1036;
-987;
-1110;
-972;
-1084;
-1049;
-1046;
-1160;
-1088;
-945;
-994;
-1205;
-988;
-928;
-993;
-889;
-976;
-1078;
-1093;
-1046;
-992;
-948;
-1009;
-959;
-1135;
-875;
-1018;
-1076;
-1071;
-1062;
-1017;
-953;
-1024;
-1005;
-1095;
-968;
-1138;
-953;
-1042;
-1020;
-1013;
-1029;
-975;
-1038;
-1132;
-1099;
-1096;
-1004;
-975;
-1063;
-1029;
-1034;
-1025;
-1079;
-936;
-1036;
-1014;
-1028;
-1040;
-1163;
-1047;
-1064;
-1058;
-1080;
-1046;
-961;
-1029;
-1044;
-1143;
-946;
-1078;
-1064;
-981;
-1201;
-907;
-1007;
-1112;
-993;
-961;
-958;
-1032;
-1053;
-1069;
-937;
-1100;
-1074;
-964;
-992;
-1081;
-1009;
-1181;
-1008;
-940;
-1142;
-1082;
-999;
-911;
-1022;
-1071;
-960;
-1102;
-961;
-1056;
-1023;
-1077;
-1043;
-922;
-1093;
-968;
-1081;
-1208;
-1087;
-951;
-1093;
-864;
-963;
-1128;
-1044;
-979;
-1106;
-1094;
-999;
-1015;
-1008;
-1068;
-1163;
-1109;
-1065;
-836;
-989;
-1130;
-1023;
-1063;
-983;
-1062;
-1030;
-1043;
-985;
-1005;
-1028;
-1006;
-1087;
-1052;
-1042;
-1062;
-1005;
-990;
-1023;
-1133;
-943;
-1098;
-1009;
-1012;
-991;
-1050;
-1148;
-1073;
-1111;
-1010;
-1043;
-992;
-989;
-906;
-928;
-988;
-1085;
-1108;
-1097;
-1091;
-876;
-1096;
-1028;
-929;
-1085;
-1182;
-1112;
-998;
-838;
-993;
-1015;
-1206;
-948;
-1230;
-958;
-988;
-1057;
-1142;
-995;
-1006;
-980;
-976;
-1065;
-1181;
-1123;
-1112;
-919;
-887;
-1181;
-1021;
-949;
-1043;
-934;
-1099;
-1049;
-951;
-913;
-1002;
-1078;
-1139;
-1111;
-1018;
-1135;
-1029;
-937;
-871;
-1173;
-1025;
-951;
-942;
-978;
-1061;
-1033;
-925;
-1098;
-954;
-1164;
-1057;
-1001;
-901;
-1104;
-941;
-1129;
-974;
-1039;
-933;
-918;
-905;
-1035;
-977;
-1180;
-1079;
-943;
-947;
-1009;
-1067;
-1133;
-1062;
-1017;
-960;
-1097;
-934;
-956;
-935;
-1147;
-1173;
-1085;
-1123;
-1063;
-1053;
-1073;
-1097;
-1012;
-1240;
-1066;
-1085;
-1046;
-1061;
-1025;
-997;
-1109;
-984;
-1070;
-1084;
-1078;
-958;
-965;
-995;
-937;
-1078;
-1082;
-1150;
-937;
-1082;
-1069;
-1011;
-1064;
-986;
-1014;
-1048;
-1089;
-1084;
-1022;
-1071;
-983;
-1203;
-1102;
-1091;
-1049;
-1030;
-938;
-959;
-944;
-1049;
-952;
-856;
-935;
-927;
-1007;
-1029;
-1086;
-871;
-1053;
-1131;
-1118;
-985;
-1088;
-1059;
-1014;
-980;
-953;
-1131;
-868;
-1023;
-948;
-1224;
-985;
-1066;
-889;
-1041;
-937;
-1071;
-990;
-945;
-994;
-1032;
-997;
-986;
-1152;
-969;
-966;
-989;
-1100;
-988;
-960;
-957;
-1055;
-887;
-974;
-1051;
-1050;
-1064;
-1028;
-1061;
-1167;
-1126;
-1021;
-1083;
-982;
-898;
-1070;
-1069;
-979;
-1022;
-911;
-919;
-861;
-1072;
-1082;
-1049;
-1008;
-1039;
-1074;
-1031;
-992;
-851;
-1032;
-1074;
-1084;
-1014;
-1105;
-1038;
-1037;
-1042;
-994;
-1035;
-1007;
-1224;
-1057;
-955;
-1000;
-966;
-1010;
-899;
-934;
-980;
-1083;
-1071;
-1033;
-1083;
-1061;
-1052;
-932;
-968;
-1105;
-1034;
-1046;
-932;
-877;
-1022;
-930;
-997;
-1132;
-947;
-947;
-1158;
-1186;
-1035;
-1046;
-1153;
-1065;
-915;
-1053;
-1146;
-1038;
-1032;
-950;
-1031;
-1092;
-1016;
-1050;
-1027;
-940;
-950;
-1127;
-1014;
-1137;
-960;
-964;
-1051;
-869;
-1149;
-936;
-1035;
-992;
-971;
-998;
-874;
-846;
-1047;
-958;
-903;
-1051;
-1127;
-976;
-1117;
-1069;
-991;
-971;
-935;
-1070;
-1020;
-973;
-1011;
-939;
-941;
-1206;
-1078;
-1137;
-1092;
-1009;
-1153;
-1085;
-1071;
-1091;
-1064;
-1053;
-1101;
-1096;
-1077;
-1035;
-1180;
-1027;
-1081;
-948;
-990;
-998;
-1094;
-1030;
-1087;
-1058;
-1193;
-1031;
-890;
-989;
-1015;
-1015;
-1069;
-902;
-1140;
-1082;
-950;
-1159;
-1018;
-1160;
-972;
-1035;
-976;
-962;
-890;
-899;
-928;
-1022;
-1050;
-983;
-1111;
-1120;
-1063;
-1093;
-1131;
-1110;
-986;
-981;
-931;
-950;
-1085;
-864;
-1052;
-1107;
-1106;
-1044;
-1019;
-808;
-1026;
-1106;
-1092;
-790;
-1062;
-940;
-983;
-959;
-974;
-980;
-1032;
-925;
-991;
-993;
-1155;
-1053;
-1084;
-871;
-1098;
-1138;
-1036;
-1040;
-1151;
-1025;
-964;
-1077;
-999;
-1211;
-1009;
-1097;
-1156;
-1049;
-998;
-1226;
-1163;
-1036;
-1103;
-1055;
-1041;
-1058;
-949;
-1002;
-944;
-1033;
-1025;
-1153;
-902;
-965;
-900;
-1030;
-1042;
-1001;
-1020;
-1001;
-1100;
-1007;
-1075;
-1092;
-962;
-1027;
-1169;
-1053;
-993;
-1008;
-1009;
-867;
-964;
-1002;
-925;
-855;
-1117;
-1041;
-976;
-982;
-1017;
-1099;
-928;
-980;
-963;
-1134;
-922;
-1066;
-1111;
-975;
-1028;
-966;
-882;
-983;
-1015;
-1050;
-997;
-1042;
-957;
-1011;
-1038;
-933;
-1005;
-1098;
-1040;
-1088;
-971;
-979;
-982;
-1028;
-919;
-1022;
-1012;
-1023;
-950;
-1073;
-973;
-1013;
-1050;
-935;
-1043;
-1051;
-957;
-1005;
-1243;
-1078;
-971;
-1064;
-1040;
-1074;
-1025;
-995;
-995;
-984;
-1102;
-990;
-884;
-1119;
-971;
-938;
-953;
-947;
-1014;
-927;
-870;
-1094;
-1042;
-835;
-1111;
-984;
-995;
-955;
-1031;
-1083;
-977;
-1127;
-1018;
-1034;
-1132;
-1010;
-968;
-1006;
-913;
-1051;
-1028;
-1173;
-1038;
-1040;
-982;
-939;
-1029;
-836;
-1124;
-1024;
-1092;
-1092;
-1093;
-1134;
-1193;
-1042;
-1006;
-1220;
-1186;
-1016;
-971;
-1066;
-1075;
-1049;
-1067;
-1075;
-1165;
-1090;
-1018;
-1034;
-931;
-1116;
-1039;
-1121;
-1089;
-1153;
-1113;
-1053;
-999;
-1048;
-931;
-977;
-998;
-1184;
-965;
-1040;
-1014;
-1098;
-976;
-1151;
-962;
-998;
-1048;
-1108;
-1018;
-968;
-981;
-1059;
-1002;
-932;
-1083;
-924;
-1280;
-895;
-937;
-1084;
-950;
-1010;
-1023;
-989;
-1029;
-993;
-841;
-965;
-1081;
-1052;
-1011;
-1098;
-1078;
-1067;
-948;
-1089;
-1105;
-979;
-1117;
-1064;
-1073;
-991;
-1019;
-1000;
-1091;
-1070;
-1048;
-951;
-1086;
-1053;
-966;
-1077;
-1061;
-1048;
-1027;
-1034;
-964;
-1024;
-1180;
-959;
-917;
-948;
-1018;
-1112;
-1029;
-1134;
-1098;
-1083;
-948;
-1002;
-981;
-1004;
-1034;
-988;
-859;
-1074;
-1110;
-1043;
-1060;
-1071;
-1058;
-1148;
-1106;
-1084;
-1085;
-932;
-1131;
-1046;
-1089;
-1057;
-1083;
-993;
-1139;
-1064;
-1131;
-1058;
-1034;
-938;
-1051;
-989;
-1160;
-1011;
-1083;
-998;
-989;
-1109;
-1141;
-957;
-1046;
-1019;
-878;
-1190;
-1156;
-1005;
-1057;
-842;
-1112;
-1051;
-1029;
-978;
-1079;
-969;
-1160;
-964;
-1038;
-845;
-1057;
-1102;
-953;
-849;
-1027;
-1285;
-1022;
-932;
-1023;
-1081;
-1014;
-1181;
-882;
-1036;
-1052;
-1018;
-1120;
-1102;
-1013;
-883;
-964;
-1182;
-983;
-835;
-976;
-1147;
-982;
-1087;
-963;
-1151;
-1012;
-990;
-1129;
-975;
-1056;
-1023;
-1071;
-1033;
-1020;
-997;
-1089;
-1044;
-994;
-1002;
-965;
-1069;
-1111;
-1025;
-1201;
-1050;
-1146;
-1060;
-903;
-935;
-1185;
-1026;
-983;
-874;
-1134;
-1002;
-1050;
-902;
-882;
-1007;
-1009;
-1076;
-974;
-998;
-943;
-1040;
-1129;
-1037;
-1017;
-970;
-1048;
-909;
-1013;
-923;
-1070;
-1096;
-899;
-1039;
-956;
-998;
-1015;
-976;
-959;
-1070;
-945;
-861;
-969;
-1001;
-1020;
-1082;
-1024;
-986;
-1067;
-958;
-1087;
-963;
-1101;
-1025;
-1073;
-927;
-953;
-1147;
-948;
-1040;
-1016;
-1099;
-1049;
-982;
-967;
-1059;
-983;
-985;
-1081;
-1010;
-1054;
-981;
-1094;
-1083;
-1144;
-1071;
-1077;
-994;
-963;
-1124;
-1009;
-1108;
-1081;
-1029;
-1183;
-1023;
-1046;
-786;
-974;
-986;
-1091;
-1064;
-1144;
-947;
-1029;
-1050;
-927;
-974;
-942;
-944;
-1130;
-964;
-937;
-1106;
-994;
-1131;
-1073;
-1047;
-1215;
-1149;
-1113;
-1038;
-1013;
-874;
-1020;
-1008;
-1100;
-974;
-1041;
-1040;
-1049;
-975;
-918;
-940;
-983;
-1057;
-1162;
-1009;
-1008;
-1120;
-1018;
-1126;
-969;
-1072;
-1022;
-1003;
-1025;
-1014;
-1122;
-1061;
-1024;
-976;
-937;
-982;
-1139;
-1045;
-1040;
-904;
-1048;
-1048;
-1030;
-1093;
-1027;
-1006;
-990;
-1163;
-1062;
-1013;
-953;
-1125;
-1001;
-1211;
-1231;
-1084;
-1099;
-1032;
-1065;
-1006;
-966;
-1016;
-1042;
-929;
-1177;
-1128;
-1120;
-938;
-1091;
-968;
-1056;
-1123;
-908;
-1017;
-1064;
-1055;
-1082;
-967;
-983;
-999;
-1150;
-991;
-1167;
-1183;
-1047;
-1079;
-910;
-986;
-1041;
-943;
-1032;
-1161;
-1171;
-1087;
-878;
-1113;
-1127;
-1003;
-1032;
-1053;
-908;
-979;
-1050;
-962;
-1090;
-1095;
-1085;
-959;
-949;
-990;
-1015;
-882;
-993;
-1136;
-1063;
-1011;
-1027;
-1198;
-1113;
-973;
-1142;
-1002;
-1027;
-1047;
-1052;
-1129;
-1178;
-886;
-1203;
-1051;
-912;
-1075;
-998;
-1085;
-1043;
-1151;
-1111;
-1061;
-922;
-1058;
-1092;
-1051;
-1056;
-1035;
-1019;
-1098;
-1093;
-1066;
-1057;
-932;
-947;
-974;
-1086;
-939;
-1008;
-942;
-1094;
-992;
-1045;
-1032;
-1048;
-1130;
-1073;
-1113;
-1016;
-1036;
-989;
-1119;
-1108;
-1001;
-1159;
-1117;
-985;
-1158;
-1086;
-1021;
-1081;
-1008;
-943;
-973;
-871;
-1114;
-966;
-1036;
-1058;
-1132;
-1138;
-945;
-1023;
-1073;
-1129;
-1074;
-1061;
-969;
-1067;
-1113;
-1174;
-953;
-974;
-1015;
-1115;
-1092;
-1154;
-1136;
-1049;
-1035;
-1072;
-861;
-1109;
-940;
-990;
-1070;
-995;
-1035;
-1116;
-965;
-1057;
-896;
-1139;
-985;
-1031;
-1075;
-1028;
-870;
-912;
-983;
-1097;
-999;
-1043;
-1142;
-1005;
-898;
-870;
-1032;
-1016;
-870;
-1039;
-897;
-1063;
-1043;
-997;
-954;
-965;
-1016;
-928;
-928;
-891;
-1046;
-1045;
-1176;
-1082;
-1033;
-999;
-1022;
-1046;
-1013;
-1008;
-1140;
-1149;
-1142;
-919;
-1064;
-952;
-1083;
-1013;
-1073;
-1015;
-1042;
-1056;
-931;
-1012;
-1104;
-910;
-991;
-949;
-954;
-1043;
-1137;
-1027;
-1140;
-1020;
-1142;
-1005;
-990;
-1031;
-1078;
-1037;
-990;
-1093;
-1114;
-1090;
-988;
-881;
-1081;
-1135;
-873;
-1078;
-845;
-1058;
-1048;
-1274;
-1064;
-1063;
-935;
-975;
-1100;
-985;
-1146;
-1083;
-1071;
-873;
-974;
-1179;
-1131;
-1024;
-983;
-1095;
-994;
-990;
-1063;
-988;
-1081;
-1074;
-980;
-1074;
-1087;
-1163;
-999;
-1068;
-1002;
-1081;
-990;
-954;
-1042;
-1093;
-1110;
-1080;
-957;
-979;
-1039;
-1072;
-1003;
-855;
-1026;
-1016;
-1145;
-1013;
-923;
-1070;
-1000;
-1054;
-1116;
-942;
-1006;
-1030;
-888;
-1097;
-1041;
-1098;
-980;
-1106;
-926;
-1021;
-1037;
-1041;
-1183;
-881;
-990;
-1136;
-980;
-1117;
-1027;
-1193;
-1077;
-979;
-1053;
-974;
-1058;
-1038;
-1054;
-1068;
-1109;
-961;
-998;
-1067;
-986;
-1030;
-913;
-1044;
-1084;
-1014;
-1037;
-1055;
-1015;
-1190;
-1011;
-1219;
-1051;
-1048;
-993;
-991;
-1129;
-1025;
-949;
-953;
-1015;
-885;
-1062;
-940;
-1080;
-1112;
-989;
-973;
-1165;
-1125;
-832;
-1030;
-1034;
-980;
-1147;
-1025;
-860;
-1106;
-1120;
-1121;
-1058;
-952;
-1003;
-923;
-963;
-950;
-978;
-1106;
-952;
-1088;
-991;
-1086;
-1177;
-1164;
-1037;
-977;
-1012;
-1159;
-1010;
-984;
-1042;
-987;
-967;
-1056;
-880;
-1126;
-1043;
-1072;
-1059;
-982;
-900;
-1078;
-1007;
-925;
-1034;
-1042;
-966;
-893;
-1069;
-1108;
-1061;
-1051;
-1038;
-986;
-1020;
-1004;
-1023;
-1006;
-1098;
-1030;
-975;
-987;
-1102;
-1108;
-975;
-985;
-967;
-1186;
-918;
-966;
-1128;
-1004;
-1096;
-1012;
-949;
-1183;
-1081;
-1014;
-1058;
-1127;
-958;
-1042;
-964;
-1048;
-909;
-954;
-1083;
-993;
-1024;
-929;
-908;
-913;
-920;
-1009;
-1056;
-1087;
-1140;
-989;
-1008;
-1082;
-919;
-988;
-997;
-984;
-1088;
-1055;
-1142;
-1048;
-954;
-1129;
-1003;
-972;
-1054;
-1083;
-1092;
-1029;
-1014;
-1089;
-1055;
-1052;
-1034;
-1007;
-966;
-1054;
-965;
-981;
-894;
-987;
-1013;
-1028;
-885;
-1005;
-1162;
-1071;
-1071;
-1019;
-1017;
-1064;
-998;
-970;
-912;
-971;
-916;
-1069;
-1052;
-1080;
-888;
-1079;
-1189;
-974;
-1003;
-1153;
-1141;
-1070;
-1032;
-951;
-1008;
-1006;
-929;
-1068;
-959;
-1015;
-1048;
-1030;
-1127;
-1095;
-1059;
-1112;
-782;
-1017;
-1162;
-1048;
-1058;
-1082;
-1031;
-1110;
-1032;
-928;
-984;
-1082;
-1053;
-953;
-972;
-940;
-1056;
-904;
-1065;
-919;
-991;
-1063;
-1124;
-1022;
-952;
-1001;
-1078;
-1064;
-995;
-1008;
-1067;
-1064;
-794;
-1068;
-1041;
-929;
-938;
-1000;
-1212;
-1072;
-1187;
-1064;
-1049;
-1096;
-1092;
-1010;
-963;
-851;
-1057;
-926;
-1046;
-1098;
-1158;
-1061;
-951;
-1072;
-1080;
-987;
-1030;
-1028;
-1042;
-975;
-1030;
-941;
-1100;
-1054;
-1070;
-1121;
-959;
-1020;
-967;
-1008;
-1052;
-938;
-908;
-912;
-993;
-1035;
-1020;
-987;
-1007;
-1048;
-1145;
-1011;
-1108;
-1177;
-976;
-972;
-923;
-912;
-976;
-1006;
-948;
-1014;
-1211;
-1025;
-967;
-1006;
-1066;
-1022;
-1062;
-986;
-945;
-915;
-1004;
-1168;
-1233;
-981;
-1119;
-1052;
-1004;
-1012;
-1037;
-1144;
-1075;
-1169;
-996;
-1046;
-956;
-1090;
-1112;
-1007;
-1067;
-1068;
-920;
-1005;
-1051;
-852;
-912;
-997;
-906;
-1000;
-982;
-937;
-982;
-1104;
-1030;
-1043;
-1060;
-918;
-859;
-1084;
-989;
-1044;
-1024;
-1088;
-1050;
-942;
-1076;
-993;
-982;
-1004;
-971;
-949;
-1038;
-1160;
-1034;
-956;
-1112;
-1098;
-1068;
-1204;
-944;
-1056;
-1107;
-1125;
-1175;
-1104;
-975;
-1045;
-1135;
-1116;
-1069;
-1030;
-922;
-869;
-1047;
-1062;
-1030;
-912;
-963;
-1135;
-1053;
-1059;
-1056;
-1164;
-1106;
-949;
-1061;
-944;
-1009;
-1043;
-1049;
-1124;
-921;
-1174;
-1100;
-971;
-1044;
-1080;
-997;
-1065;
-888;
-992;
-1119;
-1148;
-993;
-1007;
-1112;
-1034;
-852;
-1223;
-1050;
-1012;
-1089;
-1035;
-1010;
-932;
-1184;
-955;
-1066;
-1008;
-846;
-928;
-1026;
-996;
-1009;
-996;
-965;
-1078;
-1078;
-1000;
-1150;
-1075;
-963;
-1062;
-1009;
-1107;
-933;
-980;
-866;
-993;
-1032;
-1071;
-953;
-1057;
-1036;
-845;
-985;
-1030;
-1084;
-836;
-1072;
-1016;
-936;
-1019;
-1219;
-982;
-1002;
-1110;
-864;
-1079;
-955;
-995;
-1150;
-1041;
-1228;
-998;
-1170;
-1029;
-1116;
-1102;
-1071;
-783;
-1101;
-1058;
-980;
-1072;
-1046;
-1076;
-865;
-999;
-907;
-1026;
-957;
-1086;
-1080;
-1027;
-1071;
-964;
-1126;
-988;
-1141;
-1114;
-1154;
-979;
-974;
-1059;
-1019;
-876;
-1106;
-985;
-1052;
-1101;
-989;
-907;
-1111;
-1037;
-958;
-962;
-870;
-1015;
-1154;
-981;
-969;
-1022;
-1032;
-966;
-1105;
-989;
-960;
-1100;
-1040;
-1039;
-1000;
-1107;
-1075;
-1052;
-1054;
-1001;
-1017;
-1031;
-843;
-1051;
-1036;
-1032;
-1147;
-1030;
-1007;
-987;
-940;
-1027;
-861;
-1046;
-1003;
-1025;
-943;
-1018;
-1050;
-1083;
-912;
-1026;
-989;
-1011;
-873;
-1135;
-987;
-1077;
-1044;
-887;
-1116;
-1041;
-968;
-1115;
-1186;
-943;
-922;
-993;
-1144;
-1047;
-983;
-943;
-875;
-1007;
-996;
-1070;
-960;
-970;
-1195;
-977;
-1073;
-1074;
-1067;
-1059;
-931;
-962;
-1201;
-1061;
-958;
-1029;
-1012;
-857;
-1140;
-1152;
-1130;
-1066;
-974;
-1060;
-952;
-1032;
-1135;
-1071;
-1054;
-989;
-1163;
-1159;
-1028;
-877;
-1044;
-1043;
-1113;
-1052;
-1041;
-1050;
-948;
-1021;
-1008;
-905;
-940;
-1172;
-938;
-1067;
-1002;
-1068;
-1032;
-911;
-1108;
-944;
-879;
-991;
-1009;
-940;
-1130;
-1037;
-1128;
-976;
-1095;
-1074;
-1155;
-1064;
-1109;
-928;
-995;
-1036;
-966;
-840;
-1057;
-952;
-1089;
-1017;
-1155;
-1017;
-957;
-1099;
-998;
-1104;
-953;
-975;
-938;
-830;
-1164;
-1068;
-978;
-904;
-1011;
-1036;
-1053;
-982;
-1098;
-983;
-1077;
-1025;
-1190;
-1100;
-947;
-995;
-985;
-1012;
-980;
-1002;
-1073;
-986;
-1079;
-952;
-901;
-1008;
-1128;
-999;
-937;
-1090;
-1039;
-1056;
-1049;
-1004;
-1074;
-1098;
-959;
-1036;
-1023;
-1026;
-1107;
-998;
-1137;
-984;
-1128;
-1178;
-886;
-976;
-1009;
-885;
-1146;
-966;
-968;
-1095;
-1048;
-1021;
-904;
-978;
-1054;
-1005;
-955;
-1135;
-1111;
-1097;
-1073;
-1102;
-965;
-1030;
-1049;
-1067;
-806;
-952;
-1004;
-1083;
-1053;
-908;
-1026;
-971;
-865;
-1078;
-959;
-920;
-1118;
-1070;
-1092;
-1040;
-1008;
-966;
-1077;
-1025;
-1112;
-924;
-1053;
-1046;
-920;
-1047;
-1052;
-1039;
-920;
-1056;
-959;
-1073;
-1081;
-1144;
-992;
-985;
-963;
-1060;
-1062;
-1006;
-919;
-1173;
-976;
-1088;
-947;
-1148;
-1011;
-932;
-1035;
-905;
-1056;
-1031;
-1080;
-1001;
-883;
-1194;
-998;
-1099;
-1042;
-1053;
-1096;
-1057;
-1161;
-932;
-953;
-1139;
-1029;
-1094;
-1040;
-962;
-906;
-1103;
-996;
-1055;
-1243;
-1200;
-1142;
-1046;
-1086;
-943;
-1139;
-948;
-1084;
-1088;
-1038;
-1027;
-1049;
-1035;
-932;
-1058;
-1007;
-1055;
-994;
-1086;
-1055;
-934;
-941;
-947;
-1127;
-946;
-954;
-1197;
-980;
-1045;
-1126;
-986;
-1169;
-1106;
-1011;
-979;
-963;
-1020;
-988;
-909;
-1102;
-1059;
-986;
-1070;
-1040;
-951;
-912;
-1114;
-925;
-1020;
-1045;
-954;
-1059;
-1090;
-945;
-1031;
-1028;
-1032;
-1037;
-982;
-1072;
-1047;
-1041;
-1163;
-1037;
-1085;
-1075;
-1043;
-921;
-1086;
-956;
-1109;
-1176;
-1047;
-963;
-1020;
-965;
-888;
-1023;
-990;
-1007;
-1157;
-1070;
-915;
-970;
-1007;
-1082;
-923;
-994;
-1042;
-1056;
-1004;
-979;
-1093;
-957;
-1057;
-1042;
-989;
-1053;
-1051;
-1007;
-960;
-863;
-996;
-1024;
-1004;
-1011;
-1089;
-1118;
-1045;
-888;
-1094;
-1038;
-1034;
-969;
-1017;
-1181;
-1031;
-1100;
-1004;
-879;
-993;
-1037;
-1005;
-971;
-865;
-1106;
-1016;
-904;
-1091;
-1018;
-1081;
-1137;
-1011;
-1002;
-1065;
-1010;
-988;
-1025;
-956;
-1067;
-1076;
-1144;
-993;
-1126;
-1105;
-1042;
-1134;
-1066;
-996;
-1174;
-1081;
-1020;
-918;
-1024;
-1080;
-1046;
-1027;
-1074;
-871;
-1042;
-989;
-942;
-1119;
-1074;
-964;
-1025;
-1076;
-1056;
-1076;
-1172;
-1022;
-1045;
-938;
-1108;
-963;
-1059;
-1003;
-970;
-1015;
-1076;
-943;
-960;
-1045;
-1082;
-1077;
-1064;
-1066;
-972;
-1156;
-968;
-941;
-1033;
-1080;
-1107;
-981;
-1060;
-984;
-1178;
-1145;
-994;
-1050;
-1025;
-1064;
-1073;
-1037;
-1049;
-959;
-977;
-1054;
-905;
-1177;
-989;
-876;
-904;
-943;
-969;
-950;
-978;
-983;
-1026;
-989;
-1072;
-1094;
-1065;
-948;
-1091;
-1112;
-1111;
-1039;
-1116;
-1080;
-973;
-989;
-993;
-1116;
-1011;
-1030;
-900;
-998;
-871;
-899;
-1056;
-1066;
-975;
-963;
-1179;
-1025;
-970;
-1094;
-1104;
-947;
-956;
-1147;
-979;
-1007;
-1060;
-1097;
-1053;
-1203;
-1015;
-990;
-1046;
-924;
-1150;
-1084;
-1031;
-909;
-1091;
-1009;
-1044;
-992;
-922;
-1138;
-893;
-1106;
-818;
-1056;
-731;
-1063;
-933;
-919;
-964;
-1007;
-1124;
-1159;
-1134;
-952;
-1168;
-884;
-1117;
-977;
-1003;
-1012;
-1083;
-1090;
-1058;
-1042;
-1181;
-1104;
-939;
-1052;
-1124;
-926;
-1070;
-1081;
-1008;
-1088;
-1137;
-909;
-1031;
-1067;
-1116;
-981;
-1089;
-917;
-1093;
-1114;
-1050;
-966;
-995;
-1122;
-1105;
-999;
-999;
-990;
-990;
-1060;
-1031;
-1090;
-944;
-1064;
-1031;
-1007;
-1085;
-1006;
-896;
-834;
-1002;
-963;
-952;
-1012;
-1044;
-996;
-1057;
-1078;
-998;
-1020;
-1002;
-1168;
-1008;
-898;
-1049;
-1036;
-1166;
-1095;
-1001;
-1075;
-1116;
-1132;
-1022;
-1148;
-1139;
-1040;
-1068;
-1034;
-1118;
-1041;
-1053;
-1076;
-1009;
-1105;
-1058;
-1026;
-1049;
-1115;
-1003;
-1186;
-942;
-1139;
-1095;
-966;
-1080;
-1174;
-1090;
-1056;
-922;
-967;
-1091;
-1046;
-964;
-965;
-990;
-988;
-980;
-1028;
-1049;
-1121;
-1114;
-1063;
-948;
-1051;
-1064;
-1214;
-1042;
-1066;
-1082;
-990;
-1112;
-1028;
-1156;
-1061;
-1047;
-895;
-1037;
-953;
-1044;
-976;
-1089;
-928;
-1012;
-1111;
-1113;
-963;
-937;
-1040;
-1078;
-902;
-1026;
-1013;
-1003;
-912;
-1108;
-1070;
-1208;
-919;
-1088;
-959;
-994;
-861;
-1131;
-1046;
-1116;
-970;
-966;
-913;
-1125;
-1026;
-1112;
-1078;
-1027;
-907;
-1069;
-1024;
-918;
-1111;
-1113;
-1027;
-1047;
-1079;
-1087;
-1039;
-1008;
-982;
-1128;
-1120;
-980;
-1062;
-1004;
-1078;
-983;
-984;
-905;
-1208;
-989;
-1073;
-880;
-986;
-1176;
-1081;
-1061;
-1057;
-939;
-1089;
-989;
-944;
-1192;
-967;
-1087;
-1050;
-1218;
-1110;
-926;
-924;
-1035;
-1023;
-781;
-947;
-1013;
-1151;
-1042;
-1176;
-1105;
-1011;
-1020;
-1066;
-1099;
-1121;
-926;
-1001;
-1013;
-1080;
-1110;
-1104;
-1039;
-1065;
-906;
-1000;
-987;
-859;
-1029;
-1049;
-1194;
-1015;
-1090;
-1127;
-1005;
-1097;
-1019;
-1036;
-976;
-1140;
-1151;
-1067;
-1121;
-900;
-1066;
-970;
-944;
-1009;
-1141;
-1010;
-873;
-1171;
-1048;
-959;
-1005;
-1007;
-912;
-1040;
-970;
-1132;
-1076;
-981;
-1019;
-1038;
-1052;
-1155;
-1002;
-948;
-1001;
-938;
-1132;
-953;
-1017;
-1059;
-1035;
-985;
-1121;
-881;
-1159;
-1112;
-958;
-1117;
-1146;
-927;
-995;
-1037;
-1090;
-1115;
-953;
-1106;
-1118;
-1127;
-967;
-1048;
-1002;
-869;
-992;
-848;
-970;
-969;
-945;
-907;
-1132;
-1006;
-1138;
-1221;
-997;
-1181;
-1061;
-936;
-826;
-992;
-1037;
-894;
-1098;
-960;
-947;
-1002;
-987;
-1007;
-1030;
-989;
-1083;
-1060;
-1119;
-981;
-1067;
-1033;
-989;
-1121;
-896;
-1141;
-1037;
-983;
-1051;
-1000;
-870;
-1069;
-1134;
-1022;
-1134;
-1018;
-1126;
-1045;
-985;
-902;
-966;
-996;
-859;
-1099;
-997;
-979;
-966;
-981;
-1178;
-978;
-1123;
-1068;
-1054;
-1085;
-990;
-1115;
-999;
-1025;
-1073;
-1030;
-956;
-1005;
-1124;
-1024;
-1026;
-1024;
-1058;
-1034;
-1043;
-1039;
-985;
-1061;
-1040;
-1140;
-1126;
-1053;
-990;
-1052;
-1040;
-989;
-909;
-1107;
-1106;
-1002;
-1092;
-1012;
-1033;
-1086;
-946;
-923;
-1064;
-1039;
-1043;
-988;
-1113;
-1009;
-1106;
-1147;
-1000;
-943;
-946;
-1033;
-1079;
-915;
-1050;
-955;
-984;
-1141;
-884;
-949;
-910;
-912;
-951;
-1016;
-989;
-880;
-909;
-1047;
-1015;
-1030;
-1108;
-985;
-972;
-994;
-913;
-1167;
-1073;
-1040;
-1047;
-996;
-1095;
-1113;
-964;
-853;
-1018;
-956;
-910;
-867;
-1055;
-1035;
-838;
-1100;
-1110;
-908;
-890;
-1126;
-1056;
-968;
-1125;
-943;
-951;
-1142;
-1017;
-985;
-1024;
-990;
-871;
-1118;
-952;
-1133;
-954;
-921;
-1010;
-1033;
-1080;
-888;
-1077;
-1063;
-900;
-1054;
-1106;
-1087;
-913;
-1077;
-1080;
-965;
-1106;
-1074;
-1105;
-994;
-984;
-1064;
-978;
-1090;
-1003;
-1141;
-1071;
-1067;
-1034;
-1087;
-1031;
-1094;
-1058;
-953;
-1042;
-1093;
-939;
-1172;
-1122;
-919;
-1067;
-938;
-956;
-1104;
-1219;
-1003;
-891;
-959;
-966;
-872;
-1079;
-976;
-947;
-1057;
-1006;
-948;
-1048;
-1060;
-958;
-1002;
-1113;
-1128;
-1009;
-967;
-1044;
-1009;
-954;
-960;
-1015;
-1099;
-946;
-922;
-1153;
-973;
-955;
-1152;
-1028;
-1065;
-1000;
-1138;
-1045;
-1142;
-1096;
-1071;
-991;
-1076;
-995;
-967;
-946;
-1080;
-961;
-1097;
-1053;
-883;
-1060;
-1129;
-1131;
-975;
-1082;
-1083;
-996;
-1094;
-1099;
-990;
-1000;
-1019;
-1053;
-1067;
-1133;
-1163;
-988;
-1027;
-847;
-1116;
-1033;
-1206;
-1015;
-1041;
-1017;
-992;
-968;
-952;
-1044;
-886;
-1125;
-1003;
-933;
-933;
-980;
-927;
-1016;
-1038;
-1054;
-1131;
-1030;
-1128;
-1110;
-967;
-1047;
-1001;
-998;
-1097;
-1054;
-1013;
-1146;
-1130;
-1002;
-859;
-934;
-965;
-912;
-990;
-1133;
-927;
-1007;
-1128;
-1007;
-985;
-896;
-1021;
-1094;
-970;
-1002;
-962;
-1026;
-1022;
-1064;
-1159;
-1087;
-1024;
-991;
-1153;
-1053;
-1147;
-1080;
-952;
-1075;
-1020;
-1013;
-1054;
-1003;
-992;
-1096;
-962;
-1074;
-997;
-1041;
-1017;
-848;
-1013;
-1043;
-1029;
-985;
-1008;
-1094;
-1088;
-1042;
-1158;
-930;
-894;
-1066;
-973;
-903;
-948;
-1033;
-1042;
-1074;
-915;
-1047;
-1114;
-1020;
-993;
-1110;
-995;
-975;
-1000;
-933;
-1034;
-1009;
-1092;
-1109;
-1107;
-956;
-1136;
-1021;
-1268;
-1022;
-1023;
-1061;
-1069;
-1114;
-1057;
-987;
-897;
-1168;
-1165;
-1041;
-957;
-1127;
-1018;
-1100;
-1068;
-893;
-1047;
-1034;
-941;
-969;
-1024;
-1093;
-986;
-992;
-1110;
-1109;
-1098;
-1108;
-1035;
-1048;
-1012;
-1030;
-956;
-1012;
-1175;
-1060;
-1066;
-943;
-1111;
-1173;
-896;
-1083;
-1100;
-1069;
-1033;
-1065;
-954;
-966;
-1001;
-958;
-1093;
-1172;
-1044;
-875;
-1092;
-889;
-976;
-966;
-938;
-1152;
-1100;
-1065;
-1055;
-1153;
-1040;
-1015;
-973;
-1088;
-1094;
-1137;
-1093;
-1117;
-1086;
-1089;
-1007;
-1050;
-1037;
-1080;
-1072;
-1177;
-1042;
-1131;
-1097;
-1181;
-931;
-869;
-919;
-1090;
-1121;
-1014;
-1012;
-972;
-949;
-1003;
-967;
-934;
-1022;
-1069;
-1057;
-917;
-1047;
-900;
-1035;
-1102;
-1144;
-970;
-1084;
-1005;
-1070;
-987;
-975;
-1079;
-933;
-1130;
-980;
-1036;
-1049;
-1119;
-1048;
-1037;
-936;
-963;
-922;
-1106;
-1055;
-945;
-928;
-1157;
-1092;
-1099;
-966;
-1074;
-1005;
-1009;
-930;
-1045;
-976;
-968;
-1121;
-1088;
-1041;
-1002;
-948;
-1025;
-1038;
-956;
-1159;
-961;
-1081;
-996;
-953;
-987;
-1098;
-906;
-1144;
-976;
-1049;
-1127;
-971;
-1072;
-1080;
-1095;
-968;
-951;
-914;
-1066;
-1199;
-1117;
-1012;
-1056;
-1027;
-987;
-1084;
-1024;
-977;
-917;
-971;
-1055;
-1197;
-1060;
-1121;
-1100;
-903;
-976;
-1120;
-910;
-981;
-925;
-997;
-966;
-1156;
-1108;
-1162;
-1017;
-1118;
-1176;
-1105;
-1024;
-961;
-1145;
-1101;
-1077;
-1246;
-925;
-996;
-1155;
-846;
-1080;
-1007;
-947;
-1124;
-1059;
-1094;
-1078;
-1038;
-1086;
-879;
-865;
-1055;
-982;
-979;
-1114;
-1076;
-1135;
-973;
-892;
-1023;
-1084;
-1240;
-997;
-960;
-1056;
-1026;
-1030;
-1136;
-1053;
-1034;
-981;
-1102;
-1110;
-1047;
-1104;
-1047;
-1101;
-1047;
-1061;
-983;
-1009;
-1054;
-908;
-1123;
-984;
-1036;
-1033;
-1099;
-1044;
-1124;
-1112;
-1128;
-1084;
-1058;
-925;
-1045;
-981;
-1095;
-1101;
-1087;
-1111;
-1133;
-983;
-986;
-1037;
-878;
-1128;
-974;
-1047;
-884;
-1137;
-928;
-1044;
-1086;
-1015;
-1091;
-950;
-960;
-886;
-924;
-1032;
-1015;
-1221;
-1049;
-1061;
-1072;
-1040;
-1090;
-1046;
-987;
-1124;
-1072;
-1041;
-1127;
-1048;
-1058;
-1152;
-1049;
-1043;
-1015;
-922;
-987;
-1163;
-1132;
-923;
-1039;
-926;
-839;
-1066;
-910;
-1102;
-1068;
-1032;
-1030;
-1041;
-1076;
-1144;
-1065;
-951;
-1039;
-985;
-1078;
-979;
-1086;
-1088;
-1079;
-887;
-951;
-1018;
-915;
-899;
-1075;
-1086;
-1093;
-1033;
-1182;
-941;
-1034;
-961;
-1119;
-1056;
-997;
-985;
-1023;
-1021;
-939;
-1122;
-1039;
-1147;
-957;
-987;
-1053;
-993;
-929;
-1117;
-1036;
-973;
-978;
-1156;
-1051;
-1070;
-1036;
-1147;
-1071;
-1043;
-988;
-1098;
-1111;
-1127;
-1026;
-1015;
-970;
-1031;
-990;
-1138;
-1043;
-981;
-952;
-1038;
-1082;
-1028;
-1010;
-1070;
-951;
-1100;
-1021;
-1013;
-1064;
-936;
-1032;
-1051;
-1044;
-1027;
-1133;
-931;
-1068;
-1153;
-985;
-1054;
-1003;
-1055;
-1061;
-968;
-996;
-1042;
-1065;
-923;
-1093;
-1167;
-1238;
-997;
-1019;
-936;
-997;
-958;
-1034;
-1056;
-1037;
-1078;
-1026;
-977;
-978;
-974;
-917;
-1045;
-895;
-1138;
-1161;
-922;
-1039;
-981;
-1083;
-1119;
-1131;
-1029;
-1100;
-993;
-1043;
-1055;
-1090;
-1023;
-980;
-1090;
-1112;
-1048;
-1101;
-1083;
-1063;
-1122;
-989;
-846;
-1087;
-1003;
-905;
-1017;
-1098;
-1103;
-1026;
-982;
-953;
-1039;
-878;
-1008;
-1046;
-1162;
-988;
-1084;
-1182;
-1113;
-951;
-1008;
-1118;
-1106;
-1089;
-1059;
-927;
-974;
-1061;
-834;
-1113;
-1107;
-1009;
-968;
-1088;
-1033;
-1126;
-1097;
-1053;
-1002;
-1114;
-1172;
-1029;
-1142;
-1061;
-1006;
-960;
-1127;
-1114;
-1097;
-1136;
-859;
-1064;
-991;
-1128;
-1002;
-1020;
-770;
-1053;
-1019;
-1019;
-983;
-1169;
-935;
-937;
-1150;
-1041;
-1100;
-1052;
-1096;
-962;
-973;
-1189;
-1042;
-1041;
-943;
-852;
-1074;
-905;
-1031;
-978;
-978;
-976;
-1113;
-1031;
-1156;
-934;
-1094;
-875;
-999;
-960;
-1039;
-1072;
-1097;
-955;
-1021;
-1126;
-1114;
-995;
-1038;
-979;
-995;
-1011;
-991;
-1076;
-1089;
-921;
-1268;
-1136;
-1053;
-1035;
-973;
-929;
-970;
-1044;
-1002;
-913;
-1117;
-1082;
-1096;
-1040;
-983;
-958;
-1093;
-971;
-1061;
-953;
-966;
-1094;
-884;
-1032;
-1047;
-1108;
-1056;
-951;
-977;
-855;
-946;
-972;
-1091;
-908;
-1033;
-986;
-940;
-1017;
-977;
-975;
-1107;
-873;
-957;
-893;
-1002;
-997;
-984;
-967;
-905;
-988;
-1018;
-964;
-942;
-872;
-1057;
-976;
-976;
-953;
-998;
-987;
-974;
-1073;
-1149;
-942;
-900;
-1020;
-964;
-1130;
-1186;
-1120;
-1060;
-961;
-952;
-993;
-1118;
-1011;
-1017;
-1009;
-945;
-1025;
-1087;
-979;
-1021;
-977;
-906;
-1083;
-1117;
-950;
-1035;
-1066;
-959;
-1166;
-1050;
-1074;
-1135;
-1154;
-1076;
-1043;
-1086;
-1035;
-1114;
-1049;
-1085;
-1018;
-997;
-919;
-1097;
-934;
-1143;
-955;
-1123;
-987;
-1060;
-904;
-974;
-1005;
-1003;
-1051;
-1097;
-952;
-1082;
-1069;
-1088;
-1027;
-1061;
-948;
-1027;
-947;
-998;
-1027;
-1193;
-1065;
-914;
-948;
-1011;
-1011;
-914;
-1030;
-1011;
-911;
-1108;
-1063;
-1065;
-1065;
-1033;
-1130;
-904;
-1105;
-1054;
-1062;
-1040;
-996;
-974;
-1071;
-919;
-1210;
-1023;
-922;
-862;
-903;
-1016;
-1150;
-1038;
-1088;
-976;
-1007;
-930;
-1053;
-971;
-1074;
-960;
-1165;
-963;
-1044;
-999;
-993;
-1068;
-954;
-1013;
-936;
-1012;
-935;
-974;
-1039;
-1015;
-1035;
-962;
-1148;
-1010;
-1075;
-1137;
-1056;
-993;
-1029;
-978;
-888;
-1041;
-1011;
-1055;
-942;
-1116;
-1158;
-1006;
-955;
-943;
-975;
-1021;
-1026;
-1082;
-1058;
-1047;
-1050;
-1099;
-1183;
-1073;
-1001;
-1166;
-982;
-1019;
-1015;
-1110;
-1113;
-1090;
-995;
-977;
-1259;
-949;
-994;
-1013;
-1009;
-970;
-1148;
-1051;
-1034;
-973;
-957;
-1006;
-1025;
-1021;
-991;
-1159;
-945;
-891;
-965;
-1036;
-1088;
-1138;
-1084;
-1003;
-1024;
-915;
-1150;
-1125;
-1068;
-937;
-944;
-1069;
-1018;
-1137;
-1073;
-956;
-1043;
-1029;
-1033;
-990;
-988;
-928;
-1052;
-1037;
-960;
-1118;
-960;
-846;
-1163;
-933;
-1013;
-1044;
-1001;
-941;
-1062;
-1025;
-1030;
-1069;
-1106;
-992;
-974;
-1042;
-1109;
-1105;
-1215;
-1031;
-909;
-1085;
-1062;
-1129;
-1069;
-1151;
-952;
-1116;
-1048;
-1103;
-1079;
-1077;
-974;
-1079;
-995;
-944;
-997;
-1010;
-1066;
-1094;
-973;
-1014;
-974;
-1108;
-964;
-913;
-1000;
-1080;
-991;
-856;
-843;
-1018;
-1084;
-903;
-922;
-1122;
-1006;
-957;
-986;
-927;
-1062;
-1209;
-1103;
-1109;
-992;
-993;
-1117;
-1015;
-1010;
-1028;
-999;
-971;
-1140;
-905;
-1001;
-1012;
-1001;
-995;
-1067;
-1138;
-1047;
-1066;
-978;
-1182;
-1007;
-994;
-1125;
-944;
-1035;
-1109;
-936;
-1020;
-995;
-963;
-1029;
-1067;
-1064;
-999;
-968;
-1043;
-1006;
-1089;
-1084;
-1153;
-1023;
-1033;
-1075;
-903;
-1036;
-1100;
-1044;
-871;
-1091;
-989;
-951;
-1012;
-1068;
-1055;
-1031;
-1066;
-980;
-928;
-977;
-971;
-1091;
-1054;
-968;
-993;
-1161;
-985;
-1024;
-1043;
-1043;
-935;
-921;
-965;
-1130;
-1003;
-1031;
-1006;
-1067;
-986;
-1028;
-926;
-1158;
-1046;
-1034;
-1045;
-1096;
-1073;
-1056;
-1236;
-905;
-986;
-1092;
-1078;
-976;
-926;
-992;
-1171;
-1027;
-1073;
-907;
-1091;
-1116;
-948;
-1023;
-1137;
-959;
-1067;
-962;
-1158;
-952;
-1094;
-894;
-931;
-1048;
-1077;
-969;
-1135;
-1079;
-1109;
-1121;
-1067;
-1180;
-968;
-1060;
-1051;
-919;
-1115;
-1115;
-1221;
-1092;
-1003;
-969;
-1024;
-999;
-998;
-1086;
-991;
-1055;
-1109;
-917;
-975;
-1049;
-1082;
-1135;
-1044;
-1043;
-963;
-1001;
-1058;
-1114;
-1159;
-835;
-1190;
-1073;
-1009;
-1023;
-951;
-1088;
-1146;
-1009;
-1036;
-945;
-1033;
-1176;
-1014;
-1097;
-1034;
-1047;
-1057;
-986;
-1077;
-1095;
-974;
-1020;
-1020;
-971;
-972;
-1089;
-969;
-1002;
-1023;
-1047;
-1164;
-899;
-1028;
-1113;
-1035;
-1069;
-925;
-1064;
-1122;
-1102;
-964;
-1028;
-919;
-1083;
-1031;
-955;
-1062;
-1027;
-1049;
-951;
-1021;
-1058;
-1162;
-1112;
-998;
-1162;
-1020;
-1022;
-935;
-982;
-1015;
-933;
-1023;
-982;
-1023;
-1038;
-1149;
-1014;
-980;
-1086;
-1072;
-870;
-1077;
-1084;
-1061;
-998;
-1039;
-955;
-1155;
-1072;
-1082;
-1083;
-925;
-895;
-1196;
-1015;
-1106;
-861;
-946;
-1059;
-1101;
-1004;
-1034;
-1109;
-986;
-1024;
-1101;
-1066;
-1061;
-1063;
-956;
-993;
-952;
-1108;
-1081;
-1143;
-1081;
-1013;
-1118;
-1064;
-858;
-1013;
-1072;
-996;
-1066;
-1167;
-966;
-1045;
-1050;
-998;
-964;
-1146;
-913;
-1038;
-1000;
-935;
-1118;
-1084;
-1074;
-997;
-1094;
-1096;
-1105;
-1084;
-1186;
-1063;
-1007;
-1196;
-1109;
-984;
-864;
-1043;
-1247;
-1156;
-997;
-1115;
-1026;
-1130;
-934;
-1139;
-976;
-1053;
-999;
-997;
-962;
-1031;
-1036;
-1062;
-943;
-1151;
-1071;
-1066;
-861;
-1015;
-1141;
-1046;
-979;
-1091;
-1122;
-993;
-912;
-1055;
-1068;
-963;
-948;
-866;
-933;
-978;
-1136;
-1041;
-1112;
-1008;
-1095;
-1031;
-905;
-1187;
-1055;
-1043;
-1114;
-1149;
-962;
-1141;
-1067;
-1050;
-1119;
-1157;
-1038;
-1088;
-1104;
-949;
-1102;
-1105;
-1033;
-1132;
-1123;
-1094;
-1060;
-958;
-940;
-980;
-965;
-1111;
-1115;
-896;
-1068;
-1019;
-993;
-937;
-955;
-1122;
-1106;
-925;
-1047;
-1110;
-993;
-1034;
-1028;
-1050;
-1025;
-1021;
-1049;
-921;
-924;
-1132;
-942;
-951;
-975;
-1124;
-1068;
-1136;
-1081;
-1027;
-1100;
-1088;
-968;
-1100;
-981;
-1054;
-1027;
-1000;
-1032;
-1112;
-1050;
-1073;
-1093;
-945;
-1056;
-1053;
-1002;
-998;
-874;
-960;
-1094;
-781;
-1068;
-966;
-1030;
-1023;
-956;
-1009;
-1039;
-1027;
-1018;
-1099;
-932;
-1038;
-1011;
-991;
-1098;
-1149;
-1085;
-996;
-1104;
-996;
-1050;
-913;
-1111;
-1115;
-935;
-1019;
-1033;
-929;
-1080;
-951;
-1005;
-996;
-969;
-1084;
-1081;
-851;
-922;
-1087;
-896;
-965;
-1122;
-978;
-1027;
-988;
-1170;
-1092;
-1049;
-890;
-1007;
-1033;
-1027;
-952;
-1010;
-1160;
-1071;
-986;
-1022;
-1131;
-946;
-976;
-1076;
-1115;
-968;
-1003;
-1098;
-1001;
-957;
-992;
-1105;
-960;
-1033;
-997;
-941;
-1028;
-920;
-1083;
-1098;
-929;
-992;
-1002;
-1144;
-1132;
-996;
-1026;
-961;
-1196;
-1015;
-1127;
-1000;
-980;
-955;
-1069;
-1026;
-1159;
-978;
-1095;
-1018;
-1113;
-1000;
-1037;
-1035;
-855;
-1101;
-1165;
-966;
-1030;
-1132;
-1122;
-1102;
-965;
-1140;
-975;
-1117;
-1109;
-1108;
-993;
-1061;
-1025;
-1013;
-1044;
-959;
-892;
-1053;
-1023;
-994;
-960;
-1060;
-1227;
-1141;
-1076;
-961;
-1006;
-1046;
-977;
-1073;
-1121;
-976;
-1082;
-1028;
-928;
-1044;
-1043;
-968;
-1026;
-1102;
-1013;
-933;
-996;
-1248;
-1055;
-942;
-1097;
-1094;
-1001;
-1098;
-1023;
-1063;
-1115;
-1018;
-953;
-997;
-1055;
-909;
-1066;
-1100;
-1069;
-953;
-1000;
-999;
-1102;
-943;
-949;
-1074;
-1073;
-1111;
-938;
-992;
-1039;
-846;
-955;
-1069;
-1064;
-1058;
-953;
-1108;
-1043;
-1211;
-865;
-1168;
-896;
-1026;
-1062;
-1045;
-1019;
-989;
-976;
-922;
-1145;
-1068;
-917;
-926;
-947;
-962;
-889;
-1137;
-1052;
-1052;
-1022;
-830;
-1131;
-981;
-995;
-949;
-902;
-890;
-903;
-1096;
-1026;
-898;
-1128;
-1001;
-990;
-945;
-1002;
-1023;
-1046;
-965;
-1066;
-983;
-1006;
-1121;
-1049;
-1010;
-1026;
-1060;
-1085;
-1001;
-978;
-1067;
-1177;
-879;
-1088;
-993;
-1053;
-1019;
-1051;
-1059;
-1117;
-1133;
-959;
-1072;
-1046;
-1016;
-1022;
-1006;
-1067;
-1034;
-1055;
-1121;
-1076;
-960;
-999;
-1112;
-916;
-950;
-1085;
-1178;
-1090;
-1114;
-1134;
-1041;
-1183;
-1043;
-1045;
-1055;
-975;
-992;
-956;
-945;
-1005;
-980;
-1062;
-1043;
-1038;
-1151;
-1103;
-1081;
-884;
-1011;
-1052;
-972;
-1041;
-1032;
-937;
-1049;
-985;
-1063;
-1022;
-1015;
-1007;
-1156;
-1046;
-934;
-1194;
-1025;
-1058;
-965;
-971;
-975;
-991;
-1137;
-943;
-1010;
-795;
-1107;
-919;
-907;
-984;
-1060;
-1014;
-1096;
-1013;
-912;
-1118;
-998;
-894;
-982;
-988;
-1033;
-937;
-1115;
-1160;
-872;
-901;
-1051;
-1112;
-964;
-1071;
-960;
-1099;
-1053;
-1004;
-799;
-967;
-1132;
-977;
-974;
-948;
-1015;
-957;
-1141;
-1064;
-1185;
-940;
-1116;
-1187;
-1020;
-1002;
-969;
-1081;
-1109;
-1049;
-951;
-1002;
-1044;
-1236;
-942;
-1078;
-1079;
-1044;
-1064;
-1119;
-1187;
-1049;
-911;
-1050;
-1008;
-1080;
-977;
-1067;
-1012;
-964;
-1131;
-955;
-925;
-1006;
-1070;
-1007;
-1068;
-955;
-992;
-1164;
-972;
-1033;
-1055;
-1086;
-1072;
-922;
-1070;
-1006;
-956;
-1124;
-993;
-1044;
-963;
-993;
-1025;
-1066;
-959;
-804;
-1099;
-1040;
-1020;
-805;
-968;
-1206;
-1161;
-868;
-971;
-956;
-1039;
-1113;
-1012;
-1019;
-934;
-1176;
-981;
-964;
-1088;
-1024;
-962;
-1036;
-909;
-947;
-994;
-1015;
-1107;
-1062;
-1087;
-889;
-1019;
-944;
-1172;
-1027;
-954;
-884;
-971;
-946;
-1035;
-946;
-1021;
-1093;
-1048;
-954;
-1057;
-1111;
-1166;
-1039;
-1014;
-1061;
-955;
-1038;
-1148;
-976;
-1035;
-1017;
-1208;
-967;
-1003;
-1017;
-988;
-1226;
-1071;
-955;
-994;
-1043;
-1134;
-1067;
-1068;
-969;
-1012;
-1123;
-1125;
-1049;
-1129;
-1103;
-1001;
-1063;
-1097;
-1053;
-1055;
-1130;
-938;
-1048;
-996;
-1008;
-989;
-1125;
-1020;
-1038;
-1032;
-1028;
-1110;
-1146;
-1071;
-1087;
-1053;
-1033;
-984;
-1133;
-1112;
-959;
-1055;
-1165;
-1008;
-1075;
-1111;
-1034;
-1147;
-1102;
-893;
-893;
-898;
-1008;
-1019;
-1176;
-1153;
-1050;
-987;
-865;
-924;
-965;
-936;
-863;
-996;
-933;
-1099;
-1222;
-1150;
-943;
-1102;
-1039;
-989;
-1114;
-1112;
-911;
-959;
-1129;
-1094;
-903;
-946;
-1043;
-998;
-900;
-1031;
-1046;
-1063;
-964;
-977;
-947;
-1023;
-1097;
-969;
-1008;
-1047;
-986;
-1041;
-1073;
-947;
-1048;
-1139;
-965;
-1095;
-1111;
-1126;
-1066;
-1071;
-908;
-1135;
-988;
-1054;
-1058;
-961;
-1087;
-974;
-931;
-1102;
-1009;
-1055;
-965;
-1199;
-998;
-1189;
-1116;
-1051;
-1045;
-1015;
-938;
-906;
-1024;
-1139;
-1071;
-878;
-1019;
-981;
-1158;
-1148;
-1017;
-1031;
-945;
-1122;
-1136;
-1071;
-1190;
-1030;
-941;
-1048;
-971;
-956;
-1006;
-1058;
-951;
-1104;
-1022;
-1088;
-1021;
-1025;
-1027;
-1034;
-959;
-1165;
-1031;
-914;
-1016;
-965;
-873;
-1065;
-1119;
-893;
-1011;
-960;
-1007;
-1043;
-1050;
-927;
-908;
-987;
-1086;
-1141;
-997;
-1077;
-1100;
-984;
-1123;
-1038;
-979;
-1004;
-973;
-1061;
-1060;
-1070;
-922;
-1057;
-1070;
-991;
-1019;
-1028;
-1059;
-1026;
-1000;
-1168;
-1038;
-1061;
-1073;
-892;
-1036;
-1045;
-915;
-979;
-1117;
-1127;
-1180;
-979;
-1023;
-1142;
-1038;
-949;
-963;
-968;
-1057;
-962;
-1078;
-988;
-947;
-1149;
-1049;
-1084;
-905;
-1231;
-1032;
-1030;
-1050;
-1027;
-1044;
-827;
-1081;
-1009;
-1021;
-990;
-1006;
-907;
-1049;
-1083;
-1135;
-952;
-1078;
-1035;
-932;
-998;
-1158;
-892;
-1029;
-1088;
-1054;
-940;
-1175;
-942;
-993;
-804;
-1072;
-1174;
-1036;
-941;
-895;
-969;
-1052;
-1104;
-1040;
-862;
-1068;
-1011;
-1004;
-976;
-977;
-1051;
-961;
-979;
-997;
-1037;
-1030;
-1239;
-944;
-989;
-969;
-849;
-956;
-1187;
-922;
-1062;
-1165;
-999;
-957;
-1027;
-1081;
-1113;
-871;
-1130;
-1112;
-946;
-967;
-1025;
-1050;
-1116;
-1102;
-1091;
-1035;
-1059;
-1067;
-976;
-923;
-1044;
-977;
-1065;
-954;
-1039;
-848;
-1055;
-1149;
-1082;
-1130;
-1025;
-1041;
-835;
-1069;
-1034;
-979;
-1117;
-1051;
-983;
-986;
-1048;
-1068;
-1027;
-1003;
-1060;
-1183;
-986;
-993;
-1038;
-999;
-948;
-1113;
-1041;
-1214;
-1043;
-1062;
-976;
-811;
-1017;
-1106;
-985;
-1030;
-888;
-1118;
-847;
-1006;
-982;
-1114;
-1079;
-1017;
-1094;
-1065;
-1072;
-876;
-962;
-948;
-1035;
-1026;
-976;
-1009;
-981;
-1019;
-932;
-1179;
-919;
-1000;
-1039;
-1222;
-944;
-1161;
-903;
-1030;
-1077;
-996;
-993;
-1085;
-1007;
-1060;
-1020;
-1031;
-1064;
-965;
-964;
-923;
-934;
-991;
-996;
-1006;
-942;
-1031;
-1083;
-981;
-927;
-964;
-1025;
-1070;
-1048;
-1005;
-949;
-947;
-1016;
-1135;
-1028;
-1035;
-1051;
-1031;
-1095;
-1135;
-1100;
-1107;
-983;
-975;
-1070;
-1086;
-1120;
-905;
-911;
-1028;
-1058;
-883;
-1034;
-1103;
-1081;
-991;
-1007;
-1098;
-1101;
-1085;
-1063;
-899;
-1165;
-1052;
-964;
-1045;
-1004;
-938;
-1021;
-1076;
-1014;
-1101;
-1005;
-976;
-1031;
-1108;
-974;
-950;
-1044;
-939;
-885;
-1139;
-758;
-1091;
-1066;
-933;
-1099;
-1035;
-1065;
-1038;
-975;
-1152;
-1135;
-886;
-1091;
-914;
-1163;
-998;
-1041;
-1130;
-963;
-1064;
-1031;
-1109;
-923;
-1130;
-1054;
-1083;
-1077;
-957;
-965;
-963;
-1037;
-1042;
-1066;
-993;
-1048;
-1152;
-1115;
-905;
-1179;
-1097;
-993;
-960;
-996;
-1029;
-947;
-1029;
-1082;
-977;
-1019;
-1064;
-1145;
-980;
-1015;
-1033;
-1022;
-1088;
-1083;
-1001;
-993;
-1084;
-952;
-1057;
-958;
-1050;
-1160;
-1031;
-1075;
-1056;
-1148;
-978;
-917;
-1063;
-1001;
-1179;
-1286;
-985;
-1175;
-1003;
-920;
-1041;
-935;
-1093;
-1028;
-966;
-1001;
-1015;
-1054;
-998;
-981;
-1086;
-985;
-1009;
-906;
-1029;
-1008;
-990;
-940;
-901;
-976;
-1116;
-919;
-1145;
-1093;
-1079;
-1077;
-992;
-997;
-1102;
-879;
-1178;
-975;
-992;
-986;
-966;
-1112;
-1012;
-999;
-1016;
-1006;
-951;
-1094;
-1085;
-958;
-1096;
-1103;
-1117;
-978;
-962;
-1205;
-1218;
-1011;
-912;
-916;
-1016;
-805;
-954;
-840;
-1095;
-1106;
-882;
-1126;
-1019;
-1129;
-1010;
-933;
-984;
-1035;
-1122;
-898;
-1032;
-1039;
-925;
-974;
-1001;
-1120;
-1050;
-1038;
-1082;
-878;
-1078;
-988;
-1172;
-1054;
-1105;
-971;
-1032;
-935;
-990;
-1092;
-1020;
-1065;
-1001;
-929;
-1081;
-990;
-1112;
-1169;
-1095;
-1009;
-1107;
-927;
-1044;
-965;
-886;
-1049;
-1101;
-985;
-1028;
-1057;
-1177;
-999;
-1050;
-1039;
-1107;
-995;
-1150;
-927;
-1055;
-1052;
-885;
-1045;
-1066;
-1084;
-1092;
-1099;
-1067;
-1097;
-1012;
-952;
-972;
-1037;
-1114;
-995;
-925;
-1081;
-1058;
-972;
-967;
-1135;
-919;
-999;
-931;
-1002;
-922;
-1137;
-1120;
-983;
-996;
-1026;
-1080;
-987;
-975;
-1046;
-1049;
-982;
-909;
-936;
-1012;
-945;
-1192;
-976;
-1058;
-1087;
-1038;
-882;
-995;
-1065;
-1009;
-1104;
-883;
-995;
-905;
-1105;
-976;
-1050;
-1135;
-998;
-1051;
-1014;
-1044;
-1062;
-930;
-1040;
-1035;
-1103;
-1023;
-1162;
-1066;
-1025;
-1087;
-1044;
-981;
-1114;
-1019;
-1127;
-1137;
-883;
-1073;
-1083;
-947;
-898;
-1004;
-936;
-921;
-932;
-1118;
-1020;
-1107;
-1023;
-1034;
-997;
-1022;
-1011;
-937;
-1126;
-1184;
-1040;
-1035;
-1060;
-1045;
-974;
-1105;
-1022;
-992;
-868;
-950;
-1129;
-1109;
-963;
-914;
-1111;
-1079;
-1042;
-1063;
-897;
-1116;
-1085;
-937;
-1087;
-1012;
-1037;
-1024;
-1070;
-1087;
-915;
-1094;
-1079;
-1104;
-1137;
-1051;
-974;
-1122;
-931;
-1144;
-1092;
-1158;
-1068;
-1005;
-1011;
-1150;
-977;
-1004;
-1001;
-1075;
-1134;
-1030;
-1109;
-974;
-1192;
-1037;
-952;
-960;
-962;
-1079;
-1121;
-1076;
-1084;
-978;
-1192;
-1062;
-924;
-1000;
-1049;
-915;
-912;
-1008;
-976;
-960;
-930;
-1064;
-1163;
-1011;
-1189;
-1077;
-1137;
-1057;
-1125;
-959;
-964;
-1056;
-966;
-1021;
-849;
-1084;
-946;
-1062;
-968;
-1162;
-942;
-1138;
-1087;
-940;
-1207;
-908;
-923;
-1039;
-1172;
-928;
-845;
-947;
-1002;
-1064;
-856;
-1002;
-1074;
-1022;
-879;
-1035;
-1058;
-984;
-1069;
-1106;
-1054;
-1022;
-977;
-1077;
-1175;
-833;
-995;
-925;
-941;
-1116;
-953;
-1012;
-1085;
-1056;
-1123;
-1055;
-1034;
-847;
-1008;
-1008;
-835;
-1086;
-1060;
-963;
-1113;
-970;
-952;
-1058;
-977;
-941;
-1062;
-1121;
-969;
-1080;
-1098;
-1078;
-1009;
-1130;
-1065;
-964;
-1057;
-1047;
-1039;
-1187;
-1132;
-1172;
-860;
-1048;
-968;
-891;
-1046;
-1096;
-1071;
-1030;
-1075;
-1150;
-985;
-1091;
-1131;
-960;
-1111;
-1062;
-1052;
-1114;
-1005;
-1076;
-1159;
-1035;
-982;
-1104;
-1073;
-884;
-882;
-935;
-847;
-1095;
-1033;
-1076;
-1120;
-1011;
-1018;
-918;
-1204;
-1031;
-884;
-975;
-932;
-1096;
-1064;
-1149;
-1012;
-957;
-966;
-1042;
-990;
-1009;
-984;
-994;
-1046;
-1029;
-968;
-1133;
-1017;
-1131;
-1085;
-1039;
-1118;
-1010;
-911;
-876;
-1091;
-1056;
-1017;
-978;
-975;
-1111;
-973;
-1115;
-1076;
-1097;
-925;
-1011;
-1097;
-1030;
-1037;
-1056;
-987;
-975;
-1016;
-1042;
-1061;
-1098;
-1021;
-982;
-1106;
-1094;
-965;
-1019;
-874;
-1058;
-1065;
-950;
-842;
-1016;
-909;
-1011;
-920;
-1034;
-952;
-1145;
-1022;
-1071;
-1101;
-1080;
-1093;
-956;
-1081;
-1070;
-1051;
-1211;
-919;
-1042;
-1044;
-1120;
-966;
-1077;
-1040;
-1015;
-1115;
-923;
-1093;
-1060;
-1050;
-957;
-980;
-1083;
-1009;
-1073;
-939;
-1053;
-1005;
-1076;
-1016;
-998;
-1131;
-985;
-853;
-974;
-978;
-1046;
-941;
-1045;
-1063;
-976;
-899;
-1021;
-901;
-1060;
-1119;
-1077;
-976;
-889;
-887;
-998;
-953;
-969;
-1094;
-1020;
-1071;
-1115;
-1011;
-986;
-1048;
-1014;
-1197;
-1078;
-1141;
-1035;
-1163;
-1153;
-1125;
-1141;
-1046;
-1088;
-1100;
-1046;
-997;
-1019;
-1020;
-1011;
-990;
-1084;
-1046;
-964;
-1024;
-1055;
-998;
-1079;
-1191;
-1001;
-1073;
-1030;
-1031;
-1185;
-938;
-948;
-1004;
-984;
-1002;
-920;
-1051;
-1025;
-975;
-1050;
-1059;
-1090;
-1186;
-1015;
-947;
-930;
-1217;
-901;
-1040;
-1035;
-1112;
-1050;
-1092;
-1090;
-1065;
-1036;
-875;
-973;
-1038;
-1085;
-1060;
-936;
-920;
-980;
-1135;
-1039;
-1166;
-1119;
-1116;
-1022;
-1043;
-1091;
-1059;
-1006;
-1011;
-1049;
-977;
-1066;
-1005;
-1079;
-1161;
-963;
-1052;
-920;
-948;
-915;
-1045;
-1123;
-950;
-1115;
-924;
-1131;
-957;
-1083;
-1036;
-1101;
-1069;
-971;
-937;
-879;
-1119;
-1009;
-991;
-1183;
-983;
-1168;
-1081;
-1040;
-1161;
-1158;
-968;
-969;
-952;
-974;
-1009;
-1023;
-1074;
-1057;
-965;
-1085;
-1041;
-938;
-986;
-1032;
-1210;
-1123;
-1058;
-1028;
-1031;
-991;
-896;
-1044;
-1033;
-1211;
-1027;
-1082;
-1006;
-1066;
-1073;
-902;
-1031;
-1077;
-1014;
-923;
-894;
-1068;
-903;
-973;
-878;
-993;
-976;
-1072;
-1063;
-1078;
-1140;
-1067;
-1092;
-1112;
-1073;
-968;
-1002;
-819;
-1072;
-943;
-1086;
-1074;
-973;
-1077;
-1050;
-1100;
-1172;
-1130;
-1056;
-1140;
-949;
-1051;
-1063;
-1010;
-1146;
-925;
-1004;
-910;
-1050;
-1044;
-988;
-1031;
-1197;
-956;
-1081;
-1076;
-1011;
-1049;
-1038;
-912;
-887;
-1156;
-1011;
-1118;
-1048;
-1076;
-986;
-976;
-1155;
-1028;
-1022;
-1112;
-1084;
-1170;
-1095;
-1054;
-1037;
-1098;
-1095;
-952;
-1100;
-1102;
-1127;
-1052;
-1116;
-1201;
-890;
-1006;
-883;
-1067;
-997;
-1095;
-1086;
-967;
-940;
-1179;
-1033;
-966;
-957;
-1042;
-947;
-950;
-1090;
-1037;
-1182;
-1052;
-948;
-1112;
-1065;
-1015;
-1150;
-975;
-928;
-1059;
-1192;
-1075;
-1065;
-1074;
-923;
-1132;
-1146;
-950;
-1125;
-1037;
-1027;
-862;
-926;
-915;
-1042;
-1033;
-1025;
-902;
-1013;
-1045;
-1078;
-1082;
-1075;
-1043;
-1116;
-939;
-897;
-1073;
-884;
-848;
-913;
-1057;
-1064;
-1038;
-1072;
-954;
-1002;
-1097;
-986;
-1023;
-1043;
-972;
-1047;
-1066;
-1063;
-1127;
-977;
-1184;
-902;
-1146;
-1070;
-1034;
-1012;
-1005;
-1004;
-923;
-1004;
-1036;
-927;
-1058;
-985;
-1015;
-1006;
-987;
-944;
-1135;
-907;
-1027;
-989;
-1180;
-1132;
-1013;
-963;
-981;
-1103;
-1060;
-1097;
-1070;
-976;
-993;
-1097;
-1160;
-1033;
-1216;
-1132;
-924;
-960;
-999;
-1046;
-895;
-928;
-1068;
-1063;
-1039;
-1017;
-1037;
-1013;
-1042;
-1054;
-1057;
-1019;
-1012;
-1087;
-1039;
-1076;
-944;
-1148;
-1123;
-1061;
-919;
-869;
-967;
-885;
-1192;
-937;
-1102;
-1138;
-1101;
-919;
-1076;
-1006;
-935;
-1021;
-1035;
-1047;
-1143;
-1004;
-1002;
-1134;
-904;
-1066;
-1054;
-1103;
-1065;
-1048;
-844;
-1084;
-963;
-921;
-1095;
-1099;
-1084;
-1024;
-1078;
-1095;
-1156;
-1171;
-968;
-1097;
-989;
-986;
-1007;
-1020;
-1121;
-1133;
-922;
-1064;
-959;
-894;
-1067;
-1096;
-1046;
-918;
-1083;
-992;
-1056;
-997;
-923;
-1163;
-967;
-1081;
-977;
-1015;
-1084;
-1041;
-919;
-1030;
-997;
-997;
-1048;
-1084;
-1043;
-1007;
-1196;
-1062;
-984;
-981;
-949;
-1014;
-1065;
-893;
-936;
-1054;
-1010;
-1043;
-971;
-1031;
-1126;
-1054;
-1156;
-962;
-1115;
-1044;
-1054;
-1101;
-1070;
-928;
-1046;
-985;
-1112;
-1085;
-1032;
-1123;
-970;
-1044;
-919;
-1023;
-1034;
-946;
-949;
-1031;
-1088;
-943;
-1075;
-1007;
-1038;
-966;
-1057;
-973;
-1007;
-998;
-916;
-1178;
-1049;
-930;
-1008;
-988;
-1064;
-1065;
-1094;
-968;
-966;
-948;
-1028;
-1069;
-1064;
-929;
-1047;
-1098;
-1133;
-984;
-943;
-1087;
-1065;
-1110;
-1205;
-949;
-1000;
-1046;
-1032;
-1161;
-975;
-1067;
-1090;
-996;
-976;
-1036;
-923;
-968;
-1108;
-1211;
-971;
-908;
-1035;
-1103;
-996;
-948;
-872;
-942;
-1005;
-1125;
-1070;
-984;
-988;
-1072;
-1120;
-1059;
-943;
-1089;
-1036;
-1093;
-953;
-1143;
-939;
-1065;
-987;
-1041;
-1057;
-1011;
-1069;
-1025;
-1116;
-978;
-1110;
-1111;
-1126;
-1033;
-981;
-1083;
-991;
-940;
-872;
-924;
-1083;
-1041;
-1095;
-996;
-1083;
-1015;
-1001;
-851;
-975;
-1039;
-1106;
-1105;
-1153;
-948;
-991;
-944;
-1115;
-1110;
-1012;
-998;
-1111;
-1023;
-1111;
-1024;
-986;
-1012;
-1114;
-1143;
-1102;
-1029;
-949;
-879;
-1092;
-900;
-976;
-1049;
-1081;
-999;
-1097;
-985;
-1030;
-971;
-1021;
-978;
-1064;
-1027;
-1064;
-1074;
-1048;
-1083;
-991;
-936;
-1095;
-996;
-1086;
-1032;
-1123;
-941;
-894;
-1066;
-1112;
-1226;
-887;
-1034;
-1019;
-1040;
-966;
-1044;
-995;
-983;
-1010;
-938;
-1149;
-1049;
-998;
-1051;
-1003;
-910;
-1115;
-1034;
-1005;
-978;
-1003;
-985;
-1054;
-1026;
-1064;
-1017;
-1113;
-1047;
-1032;
-1098;
-1125;
-1071;
-969;
-1007;
-1057;
-917;
-969;
-1128;
-1031;
-1023;
-964;
-1055;
-1034;
-1142;
-1039;
-1014;
-1013;
-965;
-1133;
-1142;
-823;
-1018;
-995;
-1091;
-1047;
-1007;
-1008;
-1098;
-1034;
-954;
-1007;
-1135;
-1080;
-934;
-1159;
-1009;
-994;
-1097;
-1068;
-1022;
-970;
-897;
-1079;
-1069;
-1029;
-938;
-948;
-1005;
-1095;
-1075;
-992;
-1055;
-1122;
-1073;
-1141;
-1018;
-1073;
-1003;
-974;
-972;
-1109;
-1143;
-1107;
-933;
-1006;
-878;
-1047;
-1082;
-1030;
-894;
-878;
-1079;
-1052;
-1069;
-1119;
-1087;
-1037;
-870;
-884;
-939;
-1051;
-941;
-924;
-1012;
-1097;
-1018;
-890;
-945;
-1163;
-1026;
-963;
-927;
-1082;
-1033;
-949;
-907;
-977;
-969;
-1190;
-1088;
-996;
-1086;
-1179;
-967;
-1029;
-1024;
-1109;
-897;
-1108;
-1033;
-1095;
-926;
-1011;
-1078;
-994;
-988;
-1104;
-1097;
-978;
-1072;
-1131;
-1250;
-933;
-1139;
-1082;
-1034;
-1078;
-1058;
-936;
-1054;
-953;
-942;
-1060;
-1024;
-1030;
-999;
-1013;
-1082;
-1029;
-971;
-1103;
-853;
-1027;
-937;
-1012;
-1120;
-959;
-1060;
-1023;
-1029;
-1048;
-932;
-1045;
-1017;
-1083;
-1020;
-1093;
-982;
-1100;
-1087;
-1074;
-1009;
-1052;
-1049;
-987;
-971;
-1091;
-1038;
-1035;
-1068;
-1140;
-964;
-1012;
-1180;
-921;
-1167;
-1065;
-1052;
-1165;
-854;
-1249;
-1022;
-1113;
-1101;
-1007;
-1224;
-1109;
-979;
-1214;
-941;
-997;
-1114;
-1178;
-1004;
-1076;
-1139;
-1002;
-1060;
-944;
-1016;
-1077;
-1002;
-1139;
-983;
-953;
-1042;
-1109;
-1006;
-952;
-959;
-1219;
-1033;
-1033;
-943;
-977;
-956;
-994;
-1177;
-997;
-1050;
-1084;
-858;
-935;
-968;
-1014;
-1035;
-983;
-1089;
-1163;
-1029;
-1045;
-1047;
-1017;
-940;
-988;
-1101;
-1007;
-1011;
-890;
-1012;
-1143;
-1092;
-964;
-1118;
-1084;
-1086;
-980;
-1092;
-912;
-1060;
-1061;
-920;
-1143;
-1068;
-915;
-1104;
-892;
-1053;
-1075;
-939;
-1002;
-953;
-1104;
-976;
-1065;
-1040;
-1130;
-1073;
-1142;
-1046;
-917;
-1020;
-1038;
-1072;
-915;
-1127;
-1057;
-1146;
-1087;
-1040;
-1091;
-971;
-1041;
-1065;
-1058;
-1133;
-1123;
-1087;
-1064;
-1079;
-1066;
-1019;
-1152;
-1029;
-861;
-1092;
-1124;
-1173;
-1089;
-996;
-1021;
-1045;
-1098;
-1027;
-1071;
-1043;
-1073;
-1155;
-1055;
-1095;
-1071;
-992;
-1032;
-1236;
-1142;
-984;
-863;
-1109;
-882;
-1215;
-995;
-899;
-1049;
-957;
-993;
-973;
-1044;
-1051;
-1097;
-1184;
-1018;
-1033;
-865;
-983;
-1021;
-965;
-903;
-981;
-977;
-1045;
-1005;
-1127;
-1056;
-1026;
-923;
-1068;
-1017;
-911;
-1166;
-942;
-1058;
-971;
-979;
-922;
-1049;
-1000;
-983;
-1090;
-1077;
-934;
-1021;
-962;
-1082;
-1017;
-1073;
-1040;
-1077;
-1178;
-1047;
-1063;
-930;
-1050;
-882;
-879;
-1133;
-941;
-982;
-960;
-1091;
-1052;
-1072;
-968;
-1074;
-1018;
-947;
-998;
-1029;
-1039;
-1127;
-1027;
-1110;
-955;
-1003;
-977;
-871;
-1015;
-896;
-939;
-1056;
-1156;
-1162;
-1033;
-992;
-1117;
-908;
-928;
-1031;
-930;
-979;
-1042;
-1166;
-955;
-1083;
-1006;
-988;
-1069;
-1037;
-899;
-1051;
-1054;
-1047;
-1101;
-952;
-1040;
-1013;
-916;
-994;
-940;
-1061;
-1103;
-1026;
-1005;
-1092;
-1136;
-904;
-1081;
-933;
-1018;
-1079;
-1088;
-907;
-1007;
-1139;
-1070;
-1005;
-969;
-866;
-1000;
-1029;
-1122;
-1088;
-1095;
-929;
-965;
-933;
-956;
-1236;
-995;
-1074;
-977;
-927;
-1057;
-1042;
-1002;
-897;
-1154;
-1148;
-954;
-1043;
-917;
-911;
-909;
-913;
-1178;
-1023;
-936;
-1138;
-971;
-1052;
-1077;
-1020;
-1231;
-918;
-1045;
-1052;
-989;
-1025;
-1068;
-1036;
-972;
-947;
-1051;
-1000;
-1193;
-1180;
-968;
-934;
-1006;
-1123;
-997;
-1056;
-1065;
-1102;
-992;
-1102;
-945;
-992;
-973;
-992;
-1082;
-1008;
-1060;
-984;
-985;
-1119;
-1049;
-1010;
-978;
-973;
-1146;
-956;
-1057;
-1048;
-1095;
-1115;
-1019;
-1012;
-1059;
-1017;
-1019;
-1115;
-1104;
-1006;
-1066;
-1023;
-959;
-847;
-966;
-1169;
-1104;
-1097;
-1107;
-958;
-1065;
-948;
-994;
-965;
-1159;
-1073;
-976;
-924;
-1031;
-977;
-1085;
-986;
-1094;
-1010;
-1086;
-1064;
-971;
-873;
-1257;
-1014;
-1083;
-1049;
-1064;
-942;
-1049;
-1071;
-1019;
-1128;
-1119;
-1068;
-1216;
-1116;
-1053;
-1227;
-974;
-991;
-1056;
-1049;
-1072;
-1045;
-1138;
-1041;
-1151;
-929;
-1027;
-967;
-1129;
-1043;
-1118;
-963;
-873;
-1059;
-1007;
-1098;
-1009;
-854;
-934;
-989;
-996;
-1129;
-1012;
-1138;
-1112;
-913;
-899;
-977;
-999;
-1201;
-1119;
-930;
-1162;
-956;
-1082;
-1033;
-1099;
-932;
-1020;
-1004;
-1097;
-1066;
-985;
-999;
-1024;
-1109;
-1041;
-1051;
-1050;
-1100;
-980;
-1043;
-920;
-1076;
-986;
-1140;
-901;
-1257;
-1021;
-1047;
-972;
-1001;
-1031;
-917;
-1058;
-1207;
-1045;
-1055;
-1102;
-1134;
-1035;
-1178;
-1164;
-1034;
-1075;
-1123;
-1048;
-1025;
-864;
-1152;
-1026;
-951;
-989;
-900;
-1054;
-918;
-1080;
-1028;
-1052;
-1135;
-1050;
-854;
-1135;
-1066;
-1023;
-1148;
-1106;
-1007;
-989;
-967;
-1093;
-1075;
-947;
-1007;
-1035;
-1038;
-1049;
-987;
-957;
-1057;
-1106;
-1037;
-1018;
-919;
-1020;
-1029;
-1093;
-1053;
-1030;
-1013;
-1011;
-988;
-1185;
-948;
-998;
-974;
-1132;
-1096;
-979;
-945;
-1002;
-1054;
-992;
-1016;
-902;
-1054;
-924;
-885;
-915;
-1139;
-1118;
-939;
-1113;
-1028;
-989;
-999;
-1055;
-974;
-1105;
-1115;
-845;
-1032;
-1050;
-935;
-967;
-924;
-1004;
-895;
-1030;
-985;
-1103;
-1159;
-990;
-911;
-1062;
-1046;
-905;
-1055;
-892;
-921;
-1011;
-1191;
-948;
-1010;
-869;
-977;
-1094;
-1025;
-1162;
-1000;
-1018;
-1007;
-1071;
-1040;
-1029;
-987;
-898;
-1148;
-1131;
-959;
-1129;
-999;
-980;
-1145;
-1107;
-1013;
-1160;
-1049;
-891;
-1083;
-1038;
-1064;
-1096;
-952;
-1051;
-1050;
-1046;
-1171;
-983;
-1039;
-1012;
-1068;
-1019;
-1055;
-1095;
-962;
-1041;
-1182;
-1042;
-1063;
-1113;
-963;
-993;
-1080;
-984;
-1092;
-1068;
-1039;
-1098;
-1191;
-1129;
-891;
-926;
-939;
-984;
-804;
-982;
-988;
-961;
-1065;
-1081;
-930;
-998;
-967;
-1166;
-1082;
-915;
-989;
-860;
-1045;
-1129;
-942;
-1039;
-1123;
-1014;
-1141;
-916;
-1024;
-1003;
-898;
-1068;
-1108;
-1169;
-908;
-1096;
-997;
-1045;
-1091;
-970;
-1050;
-1034;
-1024;
-944;
-1001;
-1107;
-1084;
-1030;
-1012;
-940;
-1109;
-971;
-1160;
-853;
-917;
-1014;
-1079;
-1105;
-1033;
-1040;
-1203;
-993;
-1102;
-1025;
-962;
-1016;
-1015;
-1076;
-1222;
-914;
-993;
-1056;
-1019;
-1090;
-1060;
-1120;
-1151;
-1020;
-971;
-834;
-1111;
-862;
-1024;
-1022;
-1154;
-1033;
-1038;
-912;
-999;
-1111;
-1080;
-1002;
-1008;
-1011;
-1027;
-1032;
-1042;
-1060;
-1123;
-1149;
-1205;
-996;
-1074;
-858;
-933;
-1039;
-1013;
-1104;
-921;
-1036;
-1046;
-1020;
-1027;
-807;
-1143;
-905;
-1089;
-958;
-1008;
-1072;
-969;
-1112;
-1025;
-982;
-1033;
-1011;
-961;
-1144;
-1036;
-1091;
-973;
-1125;
-1041;
-976;
-1194;
-920;
-1094;
-1051;
-1007;
-998;
-980;
-1058;
-1041;
-998;
-1012;
-1152;
-954;
-843;
-1125;
-888;
-1108;
-1065;
-1036;
-1033;
-1026;
-1132;
-1026;
-1046;
-1111;
-948;
-852;
-975;
-928;
-1000;
-992;
-993;
-1040;
-1053;
-1053;
-904;
-1081;
-929;
-984;
-822;
-1038;
-1000;
-1021;
-1027;
-1106;
-896;
-1115;
-1059;
-964;
-1006;
-1108;
-992;
-1029;
-1021;
-1037;
-1057;
-1082;
-1091;
-948;
-826;
-998;
-1034;
-1012;
-974;
-1097;
-1100;
-1085;
-1104;
-978;
-1017;
-1158;
-1002;
-925;
-1114;
-969;
-943;
-1118;
-997;
-987;
-906;
-1051;
-821;
-1050;
-1015;
-1114;
-1017;
-1141;
-1134;
-993;
-1084;
-949;
-987;
-1064;
-1074;
-1091;
-1132;
-1044;
-987;
-991;
-1174;
-1136;
-991;
-960;
-943;
-983;
-1025;
-1056;
-962;
-1116;
-1104;
-1161;
-1155;
-1121;
-1037;
-971;
-1099;
-958;
-1039;
-942;
-1119;
-1077;
-971;
-938;
-998;
-1002;
-1115;
-1059;
-1068;
-1224;
-992;
-1069;
-1078;
-914;
-991;
-897;
-1131;
-1074;
-1098;
-1074;
-968;
-1126;
-1078;
-1156;
-1008;
-1120;
-1011;
-1074;
-1060;
-1043;
-918;
-865;
-1003;
-1086;
-975;
-982;
-992;
-1146;
-952;
-1166;
-1025;
-1042;
-1116;
-976;
-1055;
-1135;
-1066;
-1063;
-1033;
-1049;
-983;
-1032;
-1012;
-1071;
-957;
-1020;
-986;
-1052;
-1050;
-983;
-959;
-1154;
-1039;
-1145;
-1016;
-1020;
-1088;
-1048;
-1043;
-986;
-1144;
-928;
-1134;
-957;
-923;
-984;
-1037;
-953;
-1150;
-1116;
-799;
-882;
-1035;
-1152;
-1017;
-1031;
-1051;
-1085;
-1083;
-968;
-1109;
-1076;
-1117;
-992;
-1069;
-959;
-1047;
-1073;
-959;
-1177;
-971;
-925;
-1063;
-1094;
-985;
-1043;
-1162;
-1050;
-1007;
-897;
-1065;
-1017;
-1052;
-1097;
-978;
-996;
-1012;
-1109;
-879;
-1137;
-1078;
-1176;
-983;
-940;
-1032;
-1013;
-953;
-1062;
-988;
-989;
-1049;
-1007;
-1110;
-984;
-1104;
-961;
-908;
-963;
-1033;
-1049;
-979;
-1052;
-1052;
-1154;
-1172;
-936;
-886;
-1155;
-912;
-904;
-997;
-1044;
-976;
-1089;
-927;
-1050;
-1025;
-1097;
-1023;
-907;
-1054;
-1136;
-991;
-1106;
-898;
-955;
-939;
-988;
-952;
-938;
-1069;
-1037;
-1035;
-1165;
-1000;
-979;
-991;
-933;
-948;
-1191;
-1064;
-959;
-1131;
-866;
-883;
-1026;
-1018;
-1183;
-921;
-1009;
-928;
-982;
-933;
-1029;
-1109;
-1227;
-898;
-1060;
-921;
-978;
-1151;
-1078;
-1024;
-1074;
-852;
-1052;
-996;
-1062;
-1045;
-1076;
-1040;
-976;
-1192;
-1026;
-1033;
-1100;
-984;
-1018;
-1110;
-897;
-1286;
-1053;
-921;
-959;
-1039;
-951;
-1064;
-1150;
-969;
-1004;
-966;
-1056;
-971;
-1149;
-1032;
-846;
-1018;
-1113;
-980;
-1089;
-942;
-1177;
-1022;
-1091;
-1007;
-997;
-954;
-959;
-1242;
-954;
-959;
-1102;
-942;
-875;
-883;
-1060;
-1162;
-1202;
-971;
-1082;
-1053;
-1054;
-1071;
-1031;
-1007;
-1213;
-1066;
-973;
-904;
-976;
-963;
-1000;
-1099;
-1041;
-1004;
-951;
-913;
-1082;
-1064;
-997;
-1042;
-1000;
-1148;
-1018;
-945;
-990;
-945;
-1031;
-1006;
-1013;
-1009;
-948;
-1052;
-1041;
-993;
-1027;
-924;
-1183;
-858;
-1053;
-1020;
-1024;
-948;
-957;
-974;
-934;
-1048;
-1103;
-1054;
-1093;
-1013;
-1024;
-1041;
-1056;
-1023;
-1036;
-946;
-1056;
-1017;
-1168;
-1021;
-1067;
-1084;
-1057;
-869;
-966;
-1034;
-1052;
-1048;
-890;
-974;
-908;
-912;
-1141;
-971;
-1045;
-983;
-1141;
-985;
-1044;
-984;
-892;
-1119;
-1053;
-1107;
-1054;
-1000;
-1152;
-1118;
-1090;
-1170;
-879;
-893;
-940;
-997;
-1067;
-1093;
-1021;
-993;
-972;
-1196;
-1050;
-1020;
-1026;
-1033;
-1079;
-1063;
-1065;
-1127;
-998;
-1174;
-936;
-1043;
-910;
-1029;
-1022;
-964;
-976;
-1047;
-1035;
-1123;
-938;
-866;
-1018;
-932;
-1011;
-949;
-1027;
-1102;
-1043;
-1070;
-1087;
-1041;
-1064;
-1032;
-962;
-960;
-952;
-1027;
-926;
-1003;
-1052;
-917;
-1039;
-1056;
-1077;
-908;
-1071;
-1030;
-1049;
-1078;
-1023;
-988;
-1027;
-986;
-1131;
-1077;
-1047;
-1034;
-1111;
-971;
-888;
-863;
-1033;
-1049;
-1031;
-1105;
-999;
-1104;
-1053;
-956;
-940;
-1088;
-1057;
-1022;
-920;
-1100;
-1136;
-777;
-1024;
-1180;
-818;
-1042;
-1031;
-1084;
-1039;
-1137;
-987;
-1034;
-1043;
-1128;
-1048;
-1119;
-924;
-1088;
-1033;
-1205;
-1028;
-1057;
-1097;
-1069;
-1199;
-1085;
-1099;
-1081;
-1021;
-964;
-1002;
-984;
-977;
-986;
-1081;
-963;
-992;
-1060;
-1163;
-953;
-933;
-1111;
-948;
-1003;
-965;
-1059;
-1087;
-989;
-963;
-1051;
-914;
-939;
-1072;
-974;
-1023;
-997;
-1032;
-1081;
-993;
-1061;
-954;
-848;
-1042;
-959;
-1137;
-1082;
-991;
-850;
-961;
-891;
-1144;
-1089;
-1150;
-1031;
-898;
-1018;
-1142;
-1037;
-1031;
-1188;
-1111;
-1083;
-1211;
-1166;
-1024;
-1096;
-900;
-1016;
-1103;
-964;
-1021;
-1097;
-979;
-888;
-1101;
-869;
-782;
-951;
-1155;
-976;
-1071;
-1174;
-1088;
-967;
-1042;
-1036;
-1064;
-1000;
-1116;
-978;
-966;
-975;
-922;
-1015;
-882;
-1018;
-945;
-1012;
-950;
-1099;
-1093;
-986;
-1063;
-1042;
-1066;
-987;
-1076;
-1069;
-1117;
-949;
-1003;
-1172;
-971;
-1066;
-1015;
-1001;
-1146;
-973;
-923;
-1142;
-1018;
-1091;
-955;
-980;
-1036;
-961;
-984;
-1139;
-1065;
-1075;
-1105;
-982;
-1061;
-1062;
-1000;
-963;
-1128;
-1007;
-959;
-1049;
-901;
-1108;
-1002;
-1079;
-926;
-1101;
-849;
-957;
-1013;
-972;
-1015;
-1038;
-1101;
-1077;
-896;
-1179;
-1050;
-1098;
-866;
-1127;
-971;
-1083;
-1126;
-983;
-1117;
-1016;
-1092;
-909;
-1070;
-1140;
-982;
-948;
-1020;
-1013;
-994;
-1087;
-1075;
-998;
-1176;
-1017;
-1073;
-1045;
-1102;
-961;
-1109;
-908;
-954;
-1053;
-1066;
-1071;
-1116;
-1005;
-1074;
-1059;
-997;
-1015;
-1016;
-1031;
-898;
-1078;
-994;
-1167;
-1169;
-1101;
-974;
-1006;
-951;
-971;
-1033;
-1021;
-906;
-1178;
-929;
-970;
-965;
-1098;
-931;
-1177;
-990;
-996;
-1125;
-1128;
-1007;
-912;
-969;
-1099;
-921;
-1108;
-929;
-1024;
-973;
-1202;
-841;
-1073;
-949;
-1007;
-1045;
-1026;
-995;
-972;
-945;
-942;
-1022;
-1129;
-1221;
-1029;
-1026;
-1033;
-1123;
-895;
-1095;
-1067;
-1059;
-1037;
-953;
-1116;
-1034;
-1159;
-1063;
-997;
-1171;
-1067;
-1069;
-1003;
-910;
-1004;
-1173;
-1040;
-1053;
-1066;
-1010;
-1134;
-1006;
-995;
-1066;
-1120;
-987;
-1134;
-1144;
-1154;
-1108;
-1114;
-986;
-968;
-1003;
-1088;
-1211;
-1081;
-1045;
-974;
-1046;
-875;
-1047;
-1032;
-967;
-1028;
-958;
-920;
-988;
-985;
-936;
-916;
-943;
-1165;
-1217;
-1019;
-1011;
-935;
-1043;
-1038;
-1063;
-1112;
-1101;
-1037;
-954;
-967;
-1144;
-967;
-896;
-1188;
-1016;
-970;
-971;
-954;
-985;
-1087;
-997;
-1039;
-1098;
-1112;
-1086;
-992;
-1033;
-1090;
-964;
-1192;
-1014;
-1008;
-1153;
-976;
-1055;
-902;
-1042;
-989;
-1032;
-1064;
-907;
-962;
-1062;
-975;
-923;
-1038;
-1058;
-1208;
-1072;
-1056;
-911;
-970;
-1006;
-1091;
-1105;
-1036;
-1028;
-1046;
-1069;
-922;
-1121;
-1029;
-977;
-1075;
-1017;
-966;
-1005;
-932;
-1096;
-998;
-1013;
-1088;
-981;
-1055;
-1006;
-1059;
-931;
-1013;
-1088;
-959;
-984;
-1110;
-1025;
-1125;
-1045;
-1014;
-1009;
-998;
-1015;
-953;
-907;
-982;
-844;
-1045;
-1033;
-1087;
-1088;
-1056;
-1092;
-1005;
-1152;
-1067;
-1025;
-1037;
-892;
-1071;
-1048;
-1047;
-1098;
-1016;
-1070;
-1035;
-1025;
-1038;
-1124;
-907;
-1179;
-1085;
-1074;
-1093;
-1045;
-1065;
-1043;
-964;
-1120;
-1052;
-924;
-995;
-1030;
-1088;
-1138;
-1055;
-1082;
-1039;
-1034;
-1213;
-1124;
-991;
-1018;
-901;
-1090;
-973;
-929;
-1057;
-1055;
-1046;
-1082;
-1060;
-996;
-1016;
-944;
-957;
-1073;
-1066;
-979;
-992;
-956;
-1102;
-1133;
-1086;
-962;
-969;
-1095;
-991;
-1002;
-1111;
-1190;
-1067;
-1039;
-1023;
-1001;
-1077;
-981;
-1009;
-1101;
-1052;
-1046;
-1019;
-1007;
-857;
-946;
-1025;
-1122;
-1163;
-1027;
-1062;
-1116;
-979;
-975;
-1150;
-944;
-1092;
-1020;
-1171;
-1196;
-1079;
-1034;
-1066;
-1026;
-1113;
-970;
-1175;
-1148;
-1022;
-931;
-1029;
-1075;
-1059;
-1232;
-945;
-930;
-1028;
-1088;
-1002;
-964;
-1034;
-961;
-1181;
-863;
-1006;
-936;
-992;
-1011;
-1035;
-1049;
-1231;
-916;
-921;
-1214;
-989;
-1013;
-1127;
-1012;
-935;
-1095;
-1000;
-1029;
-1052;
-966;
-793;
-905;
-1175;
-1107;
-1146;
-1014;
-1035;
-935;
-1095;
-1020;
-1018;
-975;
-1118;
-936;
-1025;
-900;
-968;
-1077;
-909;
-1002;
-963;
-1074;
-838;
-1096;
-1124;
-1087;
-1145;
-928;
-985;
-1030;
-1005;
-1047;
-910;
-976;
-939;
-984;
-1047;
-1108;
-1008;
-1118;
-1224;
-1036;
-939;
-1003;
-1008;
-1004;
-1122;
-1097;
-974;
-1053;
-996;
-936;
-983;
-887;
-964;
-1200;
-1067;
-1048;
-1068;
-1012;
-1080;
-903;
-1020;
-1029;
-848;
-927;
-915;
-1187;
-1032;
-973;
-1035;
-946;
-904;
-992;
-953;
-1049;
-956;
-1012;
-1145;
-1049;
-1055;
-1046;
-1105;
-912;
-976;
-1124;
-982;
-935;
-1065;
-1155;
-1051;
-912;
-1006;
-1158;
-1128;
-996;
-1025;
-1074;
-918;
-1013;
-858;
-929;
-1031;
-1023;
-1002;
-1016;
-1059;
-1043;
-1105;
-1000;
-960;
-936;
-986;
-1073;
-1114;
-1050;
-1046;
-1085;
-1123;
-1102;
-1035;
-1044;
-1107;
-974;
-1045;
-1139;
-952;
-1081;
-986;
-1137;
-986;
-920;
-885;
-1005;
-864;
-1079;
-1023;
-1080;
-1041;
-996;
-1070;
-1182;
-1076;
-850;
-1138;
-952;
-1029;
-1044;
-1020;
-853;
-1042;
-1057;
-989;
-894;
-1119;
-961;
-995;
-1079;
-1065;
-1043;
-999;
-997;
-928;
-1160;
-971;
-822;
-1094;
-1012;
-1094;
-944;
-1004;
-1123;
-1018;
-1059;
-1070;
-994;
-1099;
-1044;
-1009;
-997;
-1013;
-1080;
-1021;
-1107;
-1076;
-1076;
-989;
-1103;
-810;
-968;
-1065;
-1010;
-915;
-1057;
-1182;
-931;
-1187;
-958;
-1024;
-992;
-1058;
-1051;
-1033;
-984;
-934;
-1018;
-1090;
-1042;
-1078;
-1109;
-996;
-1035;
-1009;
-1146;
-1120;
-965;
-1047;
-982;
-1096;
-1058;
-1090;
-961;
-1045;
-1049;
-1031;
-945;
-977;
-1103;
-1018;
-985;
-845;
-1027;
-1109;
-1067;
-1116;
-1097;
-1100;
-1039;
-1099;
-1113;
-1107;
-979;
-1026;
-1007;
-1024;
-989;
-1031;
-1069;
-1109;
-1035;
-1142;
-1096;
-1092;
-1085;
-1196;
-979;
-1164;
-1014;
-1062;
-1069;
-1052;
-977;
-1024;
-985;
-1042;
-1212;
-1009;
-1132;
-1089;
-1117;
-1030;
-1006;
-1037;
-1001;
-1007;
-976;
-1061;
-1217;
-955;
-1010;
-919;
-1138;
-1107;
-1014;
-996;
-1010;
-979;
-984;
-1186;
-1054;
-1038;
-1003;
-1047;
-841;
-1053;
-1100;
-1002;
-1087;
-1035;
-1050;
-1016;
-1000;
-1038;
-788;
-972;
-968;
-1180;
-1003;
-1022;
-1026;
-1051;
-967;
-954;
-993;
-1008;
-1156;
-1138;
-962;
-955;
-945;
-1114;
-1060;
-932;
-1030;
-1021;
-1168;
-1035;
-828;
-1044;
-1022;
-954;
-910;
-924;
-1002;
-932;
-1056;
-1027;
-1065;
-975;
-962;
-1100;
-946;
-989;
-1007;
-1158;
-991;
-948;
-827;
-971;
-908;
-939;
-972;
-993;
-874;
-1005;
-1061;
-1140;
-1078;
-975;
-985;
-879;
-961;
-1013;
-1059;
-1031;
-889;
-1093;
-901;
-1031;
-1049;
-1019;
-991;
-1013;
-1076;
-1123;
-999;
-971;
-1100;
-1096;
-978;
-1099;
-1113;
-1002;
-1069;
-1057;
-919;
-1003;
-1014;
-909;
-1079;
-1021;
-1001;
-1012;
-1211;
-1076;
-1130;
-958;
-1079;
-1070;
-1026;
-1095;
-927;
-1144;
-1168;
-965;
-984;
-973;
-965;
-1101;
-1008;
-998;
-1153;
-1003;
-978;
-968;
-1093;
-963;
-1086;
-1149;
-1002;
-1045;
-1099;
-962;
-1044;
-906;
-1026;
-1051;
-1014;
-1061;
-992;
-1152;
-933;
-1099;
-1113;
-1047;
-1040;
-901;
-943;
-1063;
-874;
-1077;
-1017;
-1068;
-1235;
-1107;
-1072;
-917;
-1071;
-1073;
-954;
-1114;
-1010;
-999;
-1031;
-1046;
-979;
-1067;
-1055;
-1034;
-885;
-989;
-1002;
-1047;
-1253;
-1034;
-1110;
-963;
-1017;
-1007;
-947;
-1038;
-957;
-994;
-995;
-910;
-865;
-982;
-1044;
-973;
-1090;
-988;
-1041;
-875;
-1106;
-1206;
-873;
-1054;
-1187;
-1047;
-1176;
-1032;
-968;
-1077;
-1058;
-991;
-994;
-1026;
-1040;
-1096;
-1151;
-1094;
-1069;
-945;
-1020;
-1005;
-935;
-1189;
-962;
-1129;
-1098;
-923;
-1009;
-933;
-1029;
-1096;
-896;
-1161;
-904;
-1042;
-1024;
-1055;
-1060;
-1008;
-1175;
-992;
-1029;
-1064;
-1043;
-1125;
-1223;
-1007;
-1071;
-1148;
-1046;
-1050;
-1144;
-1049;
-976;
-1156;
-887;
-1054;
-1045;
-1024;
-1075;
-1037;
-1031;
-1137;
-1032;
-1100;
-1105;
-1078;
-881;
-1031;
-1016;
-1068;
-1034;
-1230;
-1141;
-1012;
-1108;
-1043;
-995;
-962;
-1031;
-1015;
-1081;
-1085;
-1033;
-1039;
-954;
-943;
-1047;
-1014;
-913;
-1138;
-1142;
-1038;
-1107;
-981;
-1168;
-1092;
-989;
-939;
-1047;
-1066;
-1050;
-912;
-1032;
