-986;
-999;
-978;
-1024;
-1090;
-910;
-1096;
-1027;
-1155;
-951;
-1005;
-1036;
-1143;
-1027;
-1024;
-1157;
-976;
-987;
-1020;
-886;
-996;
-1121;
-1193;
-1060;
-1082;
-1204;
-1110;
-1042;
-1081;
-1042;
-1141;
-984;
-986;
-1091;
-936;
-1015;
-1116;
-1067;
-974;
-1168;
-1139;
-1019;
-993;
-1103;
-1069;
-967;
-984;
-986;
-1174;
-961;
-1120;
-1102;
-1106;
-941;
-1163;
-947;
-1072;
-1143;
-1072;
-1019;
-1070;
-1011;
-1166;
-957;
-982;
-1046;
-997;
-1065;
-1139;
-1094;
-1045;
-981;
-1207;
-1176;
-987;
-983;
-925;
-1094;
-1021;
-1019;
-956;
-931;
-1080;
-1146;
-1071;
-894;
-1005;
-1062;
-933;
-1090;
-999;
-1050;
-1134;
-1133;
-1206;
-1032;
-1029;
-1162;
-1152;
-965;
-963;
-1152;
-919;
-992;
-1000;
-1032;
-1038;
-1106;
-1018;
-914;
-991;
-1110;
-883;
-1057;
-1114;
-1072;
-930;
-978;
-1107;
-1019;
-910;
-1007;
-891;
-1035;
-1059;
-1035;
-1018;
-979;
-1003;
-1052;
-1019;
-1056;
-1002;
-932;
-1020;
-1176;
-1033;
-1006;
-1130;
-1043;
-1102;
-1091;
-905;
-966;
-1089;
-1164;
-1121;
-1072;
-1159;
-976;
-1090;
-1074;
-1160;
-1046;
-1076;
-1107;
-1058;
-1081;
-1098;
-979;
-1012;
-1170;
-1007;
-1027;
-1087;
-1020;
-1020;
-1078;
-1095;
-1023;
-1055;
-1080;
-1106;
-1087;
-1159;
-1048;
-1114;
-1054;
-939;
-1033;
-1049;
-1021;
-1091;
-976;
-1141;
-1257;
-1028;
-915;
-960;
-1067;
-1104;
-867;
-1158;
-1007;
-939;
-1121;
-1199;
-928;
-1101;
-1063;
-1060;
-997;
-1048;
-1079;
-965;
-1138;
-1125;
-989;
-1027;
-1006;
-1038;
-1174;
-1013;
-1106;
-1073;
-991;
-1080;
-988;
-1136;
-1024;
-1065;
-1083;
-1009;
-838;
-1007;
-970;
-1019;
-901;
-962;
-973;
-1094;
-1124;
-1046;
-992;
-1027;
-1074;
-1167;
-944;
-929;
-1067;
-939;
-1020;
-1000;
-1061;
-1201;
-925;
-1173;
-1019;
-949;
-1033;
-1003;
-1095;
-1020;
-1045;
-1076;
-1078;
-1144;
-964;
-1077;
-1064;
-950;
-1101;
-1043;
-1011;
-1070;
-1163;
-955;
-1049;
-1028;
-1063;
-1011;
-1111;
-1186;
-851;
-1055;
-956;
-954;
-1041;
-1068;
-1077;
-1073;
-1123;
-1080;
-1095;
-954;
-1043;
-1124;
-1067;
-1115;
-1073;
-1072;
-1137;
-1055;
-1196;
-1031;
-1111;
-1046;
-980;
-921;
-857;
-963;
-949;
-1104;
-1101;
-1046;
-1006;
-1087;
-966;
-974;
-981;
-1042;
-957;
-1033;
-1056;
-1039;
-891;
-1049;
-1104;
-1046;
-1068;
-1105;
-996;
-1064;
-1064;
-1197;
-995;
-1035;
-990;
-1095;
-921;
-1097;
-1095;
-1035;
-975;
-1090;
-975;
-1082;
-1063;
-1066;
-1031;
-1087;
-961;
-1075;
-1058;
-945;
-1089;
-995;
-994;
-1094;
-953;
-954;
-963;
-1058;
-1111;
-1063;
-976;
-1053;
-1013;
-1071;
-983;
-1102;
-986;
-1178;
-1075;
-846;
-1025;
-908;
-1194;
-1047;
-1064;
-987;
-1020;
-963;
-1090;
-975;
-1102;
-1050;
-1033;
-928;
-1115;
-1030;
-1059;
-953;
-1168;
-1018;
-1031;
-1022;
-1113;
-972;
-965;
-1010;
-1070;
-1115;
-1102;
-1050;
-1161;
-967;
-909;
-969;
-854;
-1030;
-828;
-1031;
-1138;
-953;
-1007;
-982;
-899;
-1142;
-979;
-948;
-1035;
-946;
-969;
-1006;
-1094;
-1027;
-878;
-1187;
-1008;
-997;
-1096;
-978;
-1011;
-1068;
-958;
-1017;
-993;
-935;
-981;
-982;
-1073;
-1100;
-1191;
-1171;
-1035;
-1089;
-1089;
-1126;
-1085;
-957;
-1057;
-1057;
-1005;
-961;
-1129;
-1092;
-1011;
-1062;
-1071;
-931;
-1011;
-952;
-1050;
-1006;
-967;
-1058;
-942;
-1000;
-969;
-1059;
-958;
-1013;
-1207;
-983;
-890;
-1016;
-1054;
-1016;
-1100;
-1093;
-1097;
-918;
-1038;
-930;
-1030;
-963;
-1026;
-837;
-993;
-1050;
-1057;
-1133;
-1114;
-979;
-1118;
-1084;
-1009;
-1030;
-1117;
-1138;
-1100;
-1017;
-1017;
-979;
-946;
-1015;
-976;
-1112;
-1070;
-1123;
-990;
-1142;
-1047;
-1085;
-1097;
-1085;
-973;
-933;
-1114;
-941;
-1005;
-1070;
-1001;
-1009;
-1105;
-957;
-1019;
-1079;
-1068;
-1024;
-1056;
-1100;
-975;
-1165;
-1089;
-1061;
-1036;
-938;
-1091;
-906;
-1125;
-902;
-980;
-969;
-1029;
-969;
-987;
-1117;
-1060;
-1000;
-1092;
-940;
-1100;
-1029;
-1089;
-1024;
-1014;
-1019;
-1002;
-935;
-1010;
-1085;
-1034;
-1035;
-1133;
-1006;
-965;
-1006;
-1059;
-1117;
-1030;
-1144;
-1091;
-1074;
-1046;
-1146;
-941;
-1083;
-1090;
-1048;
-1081;
-986;
-913;
-1033;
-1082;
-1268;
-1110;
-971;
-963;
-1141;
-1093;
-989;
-1086;
-1087;
-840;
-1004;
-1137;
-1051;
-897;
-1065;
-1076;
-982;
-935;
-964;
-1073;
-1052;
-1057;
-1018;
-1048;
-939;
-1058;
-1081;
-1138;
-1174;
-1119;
-1017;
-897;
-1097;
-943;
-1040;
-1014;
-1098;
-1035;
-939;
-1114;
-1109;
-1081;
-1017;
-952;
-1071;
-1121;
-1011;
-1043;
-969;
-1007;
-1071;
-1017;
-1098;
-1027;
-969;
-1043;
-1018;
-1064;
-969;
-1001;
-1079;
-1018;
-1104;
-1097;
-1018;
-1147;
-985;
-977;
-1167;
-977;
-1015;
-1045;
-1056;
-1135;
-971;
-1097;
-918;
-1011;
-941;
-1041;
-944;
-1095;
-1073;
-1066;
-900;
-1039;
-1044;
-1031;
-1085;
-1118;
-1104;
-1011;
-924;
-1157;
-1036;
-1056;
-1051;
-1124;
-1042;
-990;
-1116;
-1132;
-949;
-982;
-989;
-1137;
-1138;
-879;
-1062;
-1028;
-1041;
-1175;
-1022;
-1116;
-873;
-941;
-1111;
-1239;
-1155;
-1063;
-1069;
-1024;
-1064;
-971;
-977;
-1065;
-1064;
-1094;
-832;
-1007;
-1064;
-969;
-1092;
-968;
-1182;
-1017;
-1005;
-957;
-1056;
-951;
-1071;
-1070;
-949;
-1033;
-1070;
-1023;
-1047;
-1095;
-1081;
-980;
-1143;
-1040;
-1047;
-942;
-1075;
-915;
-943;
-1128;
-1038;
-1055;
-1114;
-1005;
-944;
-910;
-1052;
-995;
-1005;
-1027;
-1224;
-1006;
-924;
-1132;
-919;
-1070;
-1010;
-1055;
-1178;
-1114;
-953;
-1031;
-1111;
-977;
-1044;
-1148;
-1021;
-1092;
-1034;
-961;
-1009;
-1101;
-1105;
-1011;
-1056;
-1063;
-1160;
-1138;
-1078;
-1039;
-1153;
-1097;
-1013;
-1120;
-981;
-914;
-1103;
-1049;
-1200;
-1038;
-963;
-1001;
-1036;
-1064;
-962;
-1101;
-905;
-985;
-1009;
-1081;
-975;
-1066;
-1008;
-1113;
-1108;
-1063;
-1086;
-1038;
-1026;
-1085;
-951;
-1074;
-977;
-1037;
-1114;
-1012;
-1150;
-1037;
-1124;
-971;
-1076;
-1028;
-1120;
-999;
-1033;
-1009;
-1002;
-914;
-1161;
-985;
-989;
-1128;
-933;
-908;
-958;
-1037;
-1059;
-1136;
-1105;
-1028;
-874;
-1084;
-1107;
-1041;
-991;
-926;
-1077;
-902;
-987;
-1028;
-963;
-1011;
-1021;
-1125;
-944;
-1017;
-955;
-1001;
-1226;
-1142;
-1106;
-1065;
-1160;
-1027;
-1164;
-977;
-1113;
-1068;
-999;
-1133;
-954;
-922;
-943;
-1156;
-974;
-1092;
-928;
-1122;
-918;
-909;
-944;
-1117;
-1121;
-997;
-1156;
-1028;
-1026;
-1096;
-1044;
-1042;
-1012;
-908;
-1075;
-1036;
-1105;
-1085;
-1020;
-1001;
-937;
-953;
-1061;
-967;
-970;
-916;
-1137;
-1003;
-1158;
-1082;
-1065;
-1060;
-963;
-1048;
-1172;
-1050;
-1001;
-1162;
-1128;
-1049;
-1106;
-1087;
-1139;
-995;
-1014;
-1072;
-898;
-1103;
-1074;
-1003;
-1074;
-979;
-997;
-980;
-1028;
-1172;
-1014;
-975;
-1136;
-1013;
-936;
-915;
-987;
-1046;
-1007;
-1093;
-1071;
-1094;
-1191;
-1158;
-944;
-1051;
-1081;
-955;
-978;
-1013;
-1139;
-956;
-1071;
-1048;
-880;
-1015;
-1063;
-964;
-990;
-1104;
-1074;
-1179;
-1013;
-1123;
-946;
-1078;
-1014;
-1078;
-1044;
-1009;
-1083;
-1052;
-1275;
-1015;
-1056;
-1162;
-1081;
-1096;
-887;
-1035;
-1055;
-1039;
-956;
-1091;
-1048;
-1043;
-1026;
-1001;
-1043;
-1102;
-1029;
-987;
-1067;
-1084;
-873;
-1028;
-1190;
-1170;
-1013;
-1070;
-1063;
-1201;
-1027;
-1026;
-1135;
-1160;
-1010;
-1054;
-874;
-1150;
-885;
-1053;
-1072;
-1015;
-992;
-1063;
-1011;
-1031;
-1083;
-1176;
-1097;
-1058;
-841;
-953;
-1009;
-1030;
-1006;
-1122;
-953;
-1107;
-904;
-1203;
-1060;
-1042;
-1032;
-944;
-1041;
-1091;
-1066;
-1057;
-989;
-1023;
-1006;
-989;
-1032;
-1216;
-1121;
-1083;
-1144;
-888;
-1060;
-1147;
-1018;
-1035;
-954;
-1080;
-1143;
-1043;
-955;
-971;
-972;
-1064;
-1109;
-992;
-884;
-1064;
-975;
-951;
-932;
-1017;
-1051;
-1128;
-877;
-1123;
-1145;
-1163;
-1037;
-1038;
-876;
-1088;
-1046;
-1035;
-1099;
-1171;
-948;
-1032;
-1078;
-1055;
-1020;
-1028;
-1011;
-972;
-960;
-888;
-983;
-995;
-882;
-1105;
-946;
-1162;
-947;
-1072;
-1004;
-1175;
-1046;
-1156;
-1123;
-1101;
-1062;
-1060;
-970;
-1062;
-1033;
-991;
-1071;
-1120;
-1020;
-1052;
-1037;
-1033;
-1144;
-1066;
-1120;
-970;
-994;
-1193;
-1061;
-1104;
-1064;
-1065;
-945;
-1052;
-1014;
-1081;
-947;
-1020;
-1072;
-1047;
-1074;
-981;
-1035;
-992;
-1010;
-974;
-1182;
-989;
-1137;
-1023;
-1146;
-1100;
-964;
-946;
-999;
-1044;
-1090;
-1073;
-1156;
-1014;
-1123;
-1116;
-987;
-893;
-995;
-1072;
-1120;
-1187;
-1120;
-1013;
-1069;
-1064;
-1055;
-1115;
-1088;
-1080;
-1068;
-1108;
-992;
-1003;
-1050;
-1061;
-1080;
-1246;
-1160;
-984;
-964;
-1001;
-1185;
-1033;
-1120;
-1090;
-977;
-914;
-1038;
-1064;
-998;
-1146;
-1096;
-1118;
-848;
-917;
-995;
-1104;
-1060;
-1060;
-1100;
-884;
-1112;
-1012;
-1095;
-1054;
-964;
-960;
-1050;
-1048;
-1026;
-983;
-1180;
-919;
-1087;
-1036;
-825;
-1136;
-1108;
-1163;
-883;
-1097;
-996;
-1196;
-914;
-993;
-1227;
-985;
-952;
-865;
-1011;
-1083;
-828;
-1089;
-1130;
-1050;
-1086;
-1138;
-1092;
-1130;
-1018;
-1061;
-1062;
-1039;
-954;
-1013;
-1086;
-1080;
-1159;
-914;
-1047;
-1068;
-886;
-1046;
-926;
-1004;
-854;
-1024;
-1185;
-1021;
-1016;
-1078;
-879;
-1124;
-1124;
-1070;
-1108;
-1008;
-1089;
-979;
-1034;
-995;
-954;
-1030;
-1085;
-997;
-959;
-957;
-1087;
-1056;
-1018;
-1194;
-1103;
-1060;
-1076;
-823;
-1174;
-1146;
-975;
-1077;
-993;
-936;
-1060;
-998;
-1029;
-1128;
-1148;
-983;
-1142;
-1078;
-1132;
-1114;
-975;
-1028;
-1025;
-1153;
-944;
-1027;
-1126;
-890;
-951;
-1160;
-1116;
-1037;
-1079;
-1116;
-838;
-906;
-1006;
-1119;
-983;
-1020;
-1092;
-1003;
-1026;
-1164;
-984;
-1035;
-1082;
-1054;
-1042;
-1058;
-813;
-933;
-927;
-971;
-1039;
-1096;
-1105;
-1109;
-1063;
-934;
-1173;
-1016;
-1051;
-992;
-1007;
-1066;
-1078;
-1015;
-1014;
-978;
-1093;
-1103;
-981;
-1056;
-1155;
-1016;
-1031;
-1002;
-972;
-946;
-1049;
-1047;
-1017;
-969;
-952;
-1070;
-987;
-949;
-1109;
-1042;
-1025;
-1013;
-1077;
-1080;
-862;
-893;
-900;
-1103;
-1002;
-1074;
-916;
-931;
-1061;
-1089;
-1064;
-1070;
-1074;
-995;
-1069;
-1137;
-1050;
-1078;
-979;
-1096;
-1101;
-954;
-1056;
-1063;
-1053;
-1081;
-1132;
-1024;
-906;
-964;
-1146;
-1128;
-1145;
-885;
-970;
-926;
-1149;
-1097;
-1059;
-1150;
-1170;
-1027;
-1066;
-1044;
-1025;
-999;
-1211;
-1136;
-868;
-1113;
-923;
-1076;
-1145;
-1041;
-939;
-968;
-1028;
-1098;
-1005;
-928;
-1020;
-1091;
-958;
-1045;
-1014;
-993;
-1169;
-1131;
-837;
-1115;
-969;
-1033;
-1120;
-1095;
-1019;
-1096;
-1144;
-998;
-1004;
-996;
-1203;
-971;
-1027;
-1058;
-1165;
-1071;
-1101;
-1039;
-962;
-856;
-927;
-978;
-1028;
-1085;
-896;
-972;
-1098;
-1011;
-919;
-1093;
-1084;
-1024;
-1024;
-1078;
-1007;
-1206;
-976;
-1051;
-1085;
-1005;
-1143;
-1079;
-992;
-1020;
-1003;
-941;
-1111;
-1001;
-1094;
-1172;
-1082;
-951;
-958;
-1061;
-969;
-964;
-1035;
-1032;
-921;
-1085;
-999;
-1051;
-1086;
-1099;
-1044;
-977;
-1069;
-1014;
-1045;
-977;
-900;
-1033;
-979;
-1105;
-1038;
-1138;
-1016;
-1004;
-1017;
-1274;
-969;
-1005;
-1202;
-933;
-1083;
-1056;
-1055;
-974;
-1026;
-962;
-1102;
-975;
-920;
-920;
-969;
-1146;
-995;
-839;
-1124;
-1115;
-1225;
-1103;
-765;
-1015;
-977;
-1075;
-983;
-1120;
-1137;
-1234;
-940;
-1045;
-1126;
-1031;
-1032;
-1018;
-988;
-1060;
-901;
-946;
-996;
-1051;
-879;
-1091;
-1050;
-1068;
-1058;
-983;
-1087;
-1058;
-1092;
-988;
-1137;
-933;
-1031;
-1156;
-1180;
-1011;
-1027;
-925;
-1107;
-1154;
-1021;
-942;
-848;
-902;
-1020;
-970;
-981;
-1052;
-1009;
-1006;
-928;
-1069;
-995;
-1068;
-1011;
-1130;
-1131;
-1001;
-1036;
-1043;
-1009;
-1007;
-1040;
-963;
-1048;
-1069;
-1096;
-1070;
-1013;
-1064;
-858;
-1052;
-890;
-1056;
-847;
-1030;
-1093;
-1190;
-1062;
-994;
-1017;
-875;
-958;
-1073;
-1082;
-1050;
-1015;
-1142;
-1030;
-964;
-870;
-1037;
-996;
-953;
-1088;
-1125;
-961;
-1074;
-1116;
-860;
-1047;
-1160;
-1015;
-1011;
-993;
-1095;
-1104;
-965;
-954;
-1102;
-917;
-1103;
-1049;
-1058;
-955;
-1005;
-1111;
-1016;
-1035;
-1176;
-1001;
-1139;
-1051;
-963;
-967;
-1017;
-971;
-1062;
-1006;
-1143;
-972;
-945;
-1021;
-984;
-964;
-1102;
-1050;
-1148;
-1004;
-991;
-973;
-964;
-1075;
-973;
-932;
-893;
-976;
-966;
-1077;
-953;
-1016;
-994;
-1043;
-994;
-995;
-1120;
-1017;
-993;
-968;
-1109;
-1055;
-1097;
-1036;
-997;
-1007;
-1075;
-1077;
-1037;
-1064;
-1070;
-997;
-1015;
-971;
-1101;
-954;
-1112;
-1052;
-1044;
-1095;
-1076;
-1161;
-1101;
-1000;
-891;
-1028;
-947;
-1060;
-1091;
-1116;
-945;
-1061;
-1106;
-1071;
-1093;
-1089;
-1196;
-995;
-1094;
-922;
-1011;
-1146;
-1040;
-1165;
-889;
-1133;
-1054;
-980;
-981;
-1032;
-1043;
-996;
-1106;
-1012;
-926;
-1040;
-955;
-986;
-1060;
-988;
-1034;
-898;
-998;
-1079;
-1159;
-913;
-945;
-1013;
-974;
-998;
-906;
-995;
-1029;
-960;
-1048;
-949;
-1066;
-1019;
-949;
-1087;
-1064;
-1014;
-964;
-997;
-990;
-1020;
-925;
-1274;
-1018;
-1069;
-979;
-1049;
-1090;
-1035;
-1044;
-1080;
-1221;
-1153;
-1045;
-1146;
-1000;
-1033;
-982;
-1089;
-1040;
-896;
-989;
-997;
-983;
-1055;
-1085;
-996;
-1047;
-1104;
-919;
-1090;
-1091;
-1024;
-966;
-954;
-929;
-955;
-1068;
-1006;
-1066;
-939;
-1096;
-1045;
-903;
-1063;
-854;
-1089;
-1183;
-1077;
-964;
-959;
-1027;
-1049;
-951;
-1078;
-1021;
-1072;
-1045;
-986;
-1065;
-1085;
-1124;
-1184;
-1037;
-1184;
-1039;
-968;
-1115;
-1087;
-1037;
-1145;
-1031;
-1090;
-1084;
-985;
-972;
-1181;
-1155;
-1088;
-921;
-957;
-1112;
-980;
-987;
-919;
-1052;
-1104;
-1181;
-1003;
-1040;
-1037;
-936;
-1080;
-1121;
-1097;
-1062;
-1052;
-1057;
-1088;
-875;
-943;
-803;
-1109;
-1024;
-1083;
-1032;
-1043;
-1053;
-1043;
-904;
-972;
-1049;
-1096;
-961;
-1005;
-982;
-1001;
-1002;
-1058;
-1238;
-1178;
-1054;
-1083;
-1065;
-1078;
-1083;
-1091;
-948;
-943;
-1082;
-958;
-937;
-1067;
-1062;
-954;
-1078;
-1040;
-1085;
-1096;
-946;
-1117;
-1025;
-1094;
-951;
-1040;
-1123;
-1084;
-997;
-973;
-1007;
-1191;
-1049;
-1111;
-1094;
-1073;
-1112;
-912;
-1136;
-998;
-1088;
-1151;
-1060;
-961;
-1193;
-1068;
-1040;
-1110;
-1221;
-934;
-1091;
-1087;
-927;
-1150;
-986;
-1039;
-1056;
-1161;
-1054;
-1002;
-1014;
-1114;
-979;
-1033;
-869;
-1085;
-860;
-1059;
-947;
-880;
-1042;
-1025;
-1049;
-1052;
-1058;
-909;
-1140;
-1059;
-1116;
-998;
-931;
-1093;
-983;
-1075;
-1105;
-1066;
-1047;
-1045;
-1080;
-1004;
-1020;
-970;
-886;
-1119;
-1010;
-979;
-1165;
-1086;
-1214;
-1048;
-848;
-1029;
-1009;
-1044;
-1164;
-975;
-1142;
-1004;
-1112;
-1067;
-1245;
-1011;
-1023;
-1095;
-933;
-1039;
-1019;
-1123;
-1091;
-1028;
-1175;
-1061;
-1039;
-973;
-964;
-1002;
-1048;
-1098;
-908;
-1203;
-1073;
-1012;
-1092;
-1104;
-1063;
-1058;
-1046;
-1078;
-973;
-975;
-1103;
-1027;
-1091;
-1106;
-1007;
-1050;
-1138;
-1049;
-1137;
-1071;
-1056;
-1088;
-1182;
-859;
-1046;
-991;
-1003;
-1148;
-1028;
-1007;
-1075;
-1053;
-936;
-964;
-1083;
-1118;
-1005;
-1021;
-1081;
-1158;
-844;
-961;
-1071;
-1069;
-1080;
-1066;
-1078;
-929;
-994;
-1034;
-1108;
-1039;
-1158;
-1094;
-1005;
-1042;
-1013;
-1143;
-1053;
-1115;
-1066;
-1009;
-1019;
-964;
-1052;
-1044;
-961;
-1038;
-1002;
-1053;
-1086;
-1003;
-1074;
-1126;
-1165;
-1012;
-1037;
-1115;
-979;
-1072;
-1133;
-1156;
-953;
-909;
-1064;
-1167;
-1187;
-1167;
-955;
-1043;
-976;
-1073;
-1149;
-910;
-1024;
-956;
-941;
-1060;
-936;
-1151;
-994;
-1050;
-1028;
-1115;
-1010;
-1095;
-934;
-1118;
-968;
-1077;
-1001;
-1013;
-1021;
-1109;
-973;
-921;
-1090;
-1005;
-984;
-1055;
-1121;
-1138;
-1093;
-1025;
-1183;
-1013;
-956;
-1154;
-940;
-1056;
-1095;
-989;
-1035;
-946;
-1117;
-1082;
-951;
-928;
-1048;
-866;
-944;
-1047;
-1017;
-976;
-962;
-929;
-1026;
-1041;
-1105;
-965;
-933;
-1123;
-1071;
-1203;
-993;
-1110;
-1038;
-1002;
-1060;
-1221;
-1024;
-1017;
-1009;
-1084;
-987;
-946;
-1011;
-932;
-1010;
-1165;
-1026;
-1004;
-1031;
-907;
-1164;
-1101;
-1019;
-987;
-1020;
-1210;
-886;
-1050;
-934;
-973;
-1098;
-1074;
-993;
-1162;
-1049;
-1061;
-993;
-1030;
-1060;
-1031;
-1110;
-1122;
-1016;
-1001;
-954;
-981;
-971;
-1068;
-1018;
-1041;
-1092;
-984;
-1034;
-948;
-1106;
-937;
-1160;
-1112;
-1052;
-918;
-1085;
-1030;
-1066;
-970;
-1083;
-1134;
-1071;
-977;
-920;
-1083;
-1138;
-1108;
-940;
-1028;
-1036;
-938;
-1095;
-1005;
-931;
-1248;
-1067;
-956;
-1080;
-955;
-1061;
-942;
-906;
-987;
-972;
-998;
-1022;
-1006;
-973;
-909;
-1032;
-1086;
-972;
-1060;
-973;
-902;
-1049;
-1025;
-1109;
-1056;
-998;
-995;
-1018;
-1002;
-1016;
-999;
-1070;
-1025;
-1021;
-1015;
-966;
-1126;
-895;
-1060;
-1039;
-1102;
-1098;
-983;
-1165;
-1104;
-1030;
-1202;
-1162;
-1077;
-970;
-999;
-1072;
-1109;
-968;
-999;
-1088;
-1129;
-1188;
-1031;
-976;
-1105;
-1016;
-1056;
-1185;
-1040;
-1052;
-913;
-899;
-1147;
-1124;
-1114;
-1256;
-997;
-1060;
-1075;
-1098;
-947;
-1076;
-985;
-1014;
-998;
-945;
-1114;
-974;
-908;
-982;
-962;
-1024;
-1066;
-1071;
-1104;
-943;
-945;
-1017;
-1049;
-1157;
-1090;
-1025;
-1107;
-904;
-977;
-1230;
-1071;
-973;
-1093;
-1060;
-1189;
-948;
-925;
-1046;
-998;
-957;
-1027;
-988;
-1089;
-973;
-1034;
-1094;
-1020;
-1010;
-1044;
-1034;
-1093;
-1074;
-964;
-973;
-1088;
-1056;
-1020;
-1100;
-1039;
-1023;
-1116;
-1199;
-910;
-1054;
-845;
-1150;
-909;
-1062;
-906;
-1066;
-1165;
-1126;
-1074;
-1009;
-1212;
-956;
-947;
-1013;
-1010;
-1047;
-1012;
-1013;
-994;
-1020;
-882;
-1050;
-1072;
-1059;
-989;
-939;
-1158;
-1122;
-1175;
-927;
-1039;
-1016;
-1002;
-1057;
-969;
-1005;
-1056;
-1091;
-1079;
-1045;
-1058;
-969;
-1051;
-974;
-1072;
-1070;
-917;
-1067;
-1027;
-1194;
-1136;
-1030;
-999;
-984;
-822;
-893;
-1057;
-1096;
-1035;
-953;
-1075;
-983;
-1216;
-1140;
-1125;
-1033;
-1049;
-1105;
-1029;
-1045;
-1045;
-1043;
-999;
-866;
-1036;
-1108;
-896;
-1035;
-1093;
-1140;
-1043;
-1082;
-1197;
-1144;
-996;
-1053;
-998;
-1093;
-990;
-981;
-1051;
-1110;
-1055;
-1038;
-1040;
-938;
-872;
-1140;
-959;
-1160;
-994;
-1095;
-1032;
-1043;
-1072;
-958;
-1186;
-997;
-1045;
-948;
-1112;
-1098;
-1065;
-1049;
-1089;
-1015;
-1132;
-873;
-999;
-1057;
-1083;
-1097;
-1059;
-909;
-1032;
-1041;
-1160;
-1067;
-1177;
-1242;
-916;
-1035;
-1079;
-966;
-1171;
-1000;
-1019;
-1102;
-1131;
-1075;
-934;
-1191;
-1130;
-1054;
-983;
-1112;
-972;
-1150;
-1030;
-974;
-930;
-1068;
-1044;
-1156;
-977;
-1058;
-1017;
-1115;
-928;
-1043;
-1016;
-1051;
-1056;
-1203;
-1093;
-1070;
-1045;
-1027;
-1235;
-889;
-1069;
-997;
-977;
-1173;
-1027;
-1022;
-1034;
-1084;
-1047;
-1083;
-1099;
-1027;
-1103;
-1266;
-1063;
-1026;
-1025;
-1011;
-934;
-1025;
-983;
-1109;
-1027;
-1076;
-1014;
-990;
-993;
-986;
-1078;
-1039;
-972;
-1069;
-962;
-1024;
-953;
-1105;
-1125;
-1057;
-1115;
-1096;
-1135;
-1062;
-1058;
-1052;
-951;
-1065;
-1066;
-1049;
-1129;
-1053;
-1112;
-966;
-1044;
-1089;
-1066;
-1069;
-1055;
-1028;
-953;
-1106;
-896;
-1027;
-996;
-1085;
-887;
-1014;
-1055;
-952;
-954;
-1023;
-1114;
-1095;
-1141;
-1082;
-1028;
-1042;
-1008;
-967;
-1010;
-1242;
-1055;
-873;
-961;
-1126;
-1097;
-941;
-955;
-1007;
-1033;
-928;
-1029;
-1095;
-1102;
-1036;
-1084;
-1160;
-992;
-1011;
-1049;
-1198;
-1045;
-1109;
-1017;
-1039;
-950;
-978;
-1053;
-1129;
-976;
-981;
-1070;
-1124;
-1006;
-1006;
-959;
-1022;
-1092;
-1115;
-1187;
-1038;
-1184;
-1157;
-1046;
-1092;
-970;
-1011;
-972;
-908;
-1126;
-945;
-1101;
-1197;
-939;
-1043;
-1111;
-1053;
-1086;
-942;
-1051;
-1127;
-1085;
-886;
-1080;
-1134;
-1187;
-1114;
-1001;
-1078;
-1106;
-1096;
-1071;
-1044;
-1060;
-963;
-1054;
-972;
-1049;
-1066;
-1159;
-1005;
-1029;
-999;
-921;
-999;
-862;
-1055;
-982;
-1076;
-1092;
-886;
-1097;
-1017;
-1061;
-1009;
-1088;
-966;
-1129;
-1050;
-1034;
-1134;
-1026;
-991;
-1075;
-1073;
-1066;
-1088;
-1165;
-981;
-977;
-1058;
-1040;
-1005;
-929;
-1058;
-1064;
-1042;
-1087;
-1070;
-1025;
-1176;
-1133;
-895;
-1019;
-945;
-1020;
-974;
-906;
-1024;
-1009;
-1035;
-904;
-989;
-1098;
-1093;
-1081;
-989;
-1081;
-1004;
-959;
-1049;
-840;
-924;
-980;
-1101;
-905;
-965;
-1016;
-975;
-999;
-975;
-1004;
-1008;
-949;
-987;
-1068;
-991;
-1088;
-1014;
-993;
-1041;
-1048;
-1037;
-1126;
-1107;
-1085;
-1138;
-949;
-1014;
-1025;
-1086;
-978;
-998;
-894;
-981;
-1073;
-868;
-1036;
-1015;
-1053;
-946;
-1056;
-904;
-999;
-1071;
-1090;
-903;
-1020;
-1080;
-871;
-1049;
-1028;
-1119;
-1068;
-1095;
-948;
-1040;
-965;
-1005;
-1061;
-998;
-1024;
-1093;
-1072;
-865;
-1069;
-882;
-1152;
-972;
-944;
-965;
-949;
-1147;
-1113;
-1020;
-1121;
-973;
-1040;
-975;
-976;
-938;
-1039;
-997;
-1064;
-960;
-1138;
-1065;
-909;
-1013;
-1106;
-1005;
-1097;
-975;
-1134;
-997;
-974;
-1078;
-1004;
-1101;
-1013;
-1020;
-1036;
-1072;
-1002;
-1037;
-1022;
-945;
-1048;
-1060;
-1023;
-1093;
-1095;
-1115;
-974;
-915;
-1109;
-1201;
-1229;
-1070;
-986;
-981;
-1034;
-872;
-1053;
-1034;
-993;
-1109;
-1136;
-951;
-1107;
-1048;
-1067;
-1166;
-1130;
-966;
-1050;
-1082;
-1095;
-1060;
-955;
-982;
-1097;
-1068;
-1155;
-1189;
-1044;
-1073;
-1011;
-986;
-1000;
-1051;
-818;
-995;
-1073;
-917;
-1165;
-1001;
-1046;
-1153;
-1050;
-1060;
-1018;
-1113;
-931;
-1049;
-996;
-971;
-964;
-978;
-1003;
-1046;
-1077;
-1009;
-1157;
-1086;
-1120;
-1139;
-1067;
-986;
-1045;
-1008;
-1085;
-1012;
-1146;
-922;
-1083;
-1014;
-996;
-938;
-926;
-1022;
-1126;
-1116;
-973;
-1015;
-1145;
-1136;
-1066;
-972;
-1114;
-1107;
-1119;
-1070;
-1009;
-976;
-966;
-1070;
-989;
-1117;
-974;
-867;
-1027;
-961;
-1062;
-1011;
-1128;
-997;
-1023;
-1061;
-1111;
-1234;
-1062;
-1044;
-1120;
-1003;
-994;
-1249;
-1042;
-938;
-1070;
-977;
-1117;
-1085;
-1068;
-1047;
-1033;
-1086;
-974;
-1086;
-966;
-1051;
-1061;
-1092;
-1066;
-1045;
-983;
-1037;
-1263;
-1017;
-893;
-999;
-1183;
-1053;
-982;
-891;
-996;
-1083;
-1018;
-954;
-1111;
-1004;
-1024;
-935;
-1153;
-981;
-1030;
-978;
-1026;
-972;
-1072;
-991;
-1078;
-963;
-1086;
-986;
-947;
-869;
-1097;
-948;
-1021;
-1251;
-1078;
-1183;
-999;
-1025;
-1077;
-1100;
-997;
-990;
-1005;
-1029;
-980;
-1008;
-1101;
-953;
-1051;
-1078;
-1113;
-1101;
-1049;
-1124;
-998;
-1087;
-1102;
-994;
-988;
-1059;
-981;
-1063;
-1040;
-1057;
-1090;
-1188;
-882;
-1112;
-1032;
-1102;
-961;
-928;
-1026;
-1065;
-1047;
-1042;
-1143;
-1132;
-943;
-1117;
-1023;
-1033;
-1084;
-1046;
-1029;
-1028;
-1100;
-941;
-1083;
-1133;
-988;
-1102;
-1001;
-1184;
-935;
-968;
-1145;
-930;
-1108;
-1113;
-1140;
-1030;
-968;
-1092;
-1124;
-998;
-1015;
-1173;
-1172;
-1040;
-1140;
-980;
-1033;
-994;
-1184;
-937;
-1129;
-783;
-983;
-982;
-1053;
-1042;
-1005;
-1080;
-1076;
-1144;
-1066;
-1093;
-1007;
-1022;
-946;
-979;
-912;
-1024;
-975;
-1032;
-898;
-970;
-1102;
-1041;
-975;
-856;
-1086;
-1013;
-1079;
-1066;
-1097;
-1119;
-885;
-1274;
-1049;
-999;
-980;
-1012;
-892;
-982;
-1034;
-1209;
-958;
-1070;
-1014;
-1008;
-1003;
-1030;
-1092;
-999;
-1078;
-882;
-1152;
-1126;
-1142;
-1044;
-998;
-879;
-1059;
-1007;
-952;
-993;
-955;
-1100;
-1117;
-1202;
-1034;
-1007;
-1043;
-1003;
-1114;
-990;
-1147;
-1069;
-1060;
-856;
-1003;
-1001;
-1092;
-998;
-1065;
-880;
-1041;
-1084;
-1036;
-1110;
-941;
-917;
-876;
-1100;
-1032;
-1016;
-1051;
-1016;
-1145;
-1038;
-1082;
-1102;
-1087;
-1048;
-991;
-1059;
-1189;
-1009;
-983;
-1079;
-1118;
-1090;
-1073;
-1076;
-965;
-1057;
-983;
-1062;
-1058;
-959;
-951;
-1027;
-1154;
-973;
-1103;
-983;
-1018;
-1025;
-949;
-1074;
-1073;
-1078;
-940;
-926;
-1007;
-1225;
-1122;
-1082;
-1085;
-1018;
-1073;
-1022;
-1085;
-1069;
-1044;
-1003;
-871;
-1048;
-928;
-1033;
-1058;
-1163;
-976;
-1053;
-1066;
-1100;
-1042;
-922;
-1047;
-954;
-1120;
-1148;
-1020;
-1166;
-1047;
-952;
-1063;
-1084;
-968;
-1010;
-1097;
-1112;
-1048;
-1174;
-1026;
-1188;
-1106;
-998;
-967;
-912;
-1000;
-964;
-1121;
-1201;
-1098;
-954;
-1029;
-1036;
-902;
-925;
-1106;
-901;
-994;
-992;
-913;
-1001;
-1168;
-1069;
-1126;
-1052;
-1091;
-929;
-1046;
-936;
-1096;
-1094;
-990;
-1057;
-1159;
-1025;
-1084;
-1068;
-1063;
-886;
-1013;
-1075;
-1000;
-1096;
-1046;
-945;
-996;
-1081;
-1138;
-907;
-984;
-1080;
-955;
-931;
-1081;
-1144;
-1054;
-1079;
-1110;
-1036;
-1044;
-965;
-1011;
-1064;
-1082;
-997;
-909;
-1079;
-1085;
-946;
-978;
-1069;
-1080;
-1201;
-1151;
-946;
-907;
-1030;
-1052;
-894;
-1002;
-1049;
-1109;
-1036;
-994;
-1003;
-1078;
-1001;
-1085;
-1064;
-1133;
-958;
-1086;
-1130;
-1111;
-961;
-1003;
-1050;
-1011;
-1049;
-1015;
-1156;
-933;
-898;
-1102;
-999;
-916;
-933;
-1056;
-1117;
-1055;
-1098;
-978;
-884;
-1055;
-961;
-959;
-1042;
-1126;
-1174;
-1075;
-1116;
-1100;
-1150;
-914;
-988;
-1022;
-1028;
-1073;
-1059;
-1059;
-1102;
-954;
-1074;
-907;
-1038;
-1059;
-965;
-1021;
-1173;
-1134;
-994;
-1088;
-981;
-922;
-954;
-947;
-978;
-1019;
-902;
-1091;
-1056;
-1110;
-1015;
-1113;
-907;
-1119;
-946;
-1017;
-975;
-1112;
-981;
-1046;
-1063;
-1056;
-1091;
-955;
-911;
-1064;
-1168;
-1011;
-1002;
-1025;
-1047;
-1029;
-1091;
-1047;
-1204;
-938;
-989;
-1031;
-903;
-945;
-1044;
-959;
-1067;
-1087;
-1036;
-917;
-955;
-1029;
-1027;
-909;
-970;
-1013;
-950;
-1108;
-946;
-1003;
-1017;
-1108;
-893;
-1053;
-1085;
-1114;
-989;
-1065;
-1101;
-1053;
-1118;
-1019;
-1124;
-979;
-1032;
-1017;
-1136;
-1017;
-989;
-1083;
-1128;
-1054;
-907;
-1027;
-1073;
-989;
-930;
-1105;
-1037;
-1044;
-991;
-1061;
-1084;
-1042;
-1022;
-1221;
-1117;
-1049;
-925;
-1025;
-1120;
-896;
-1079;
-1094;
-1031;
-1102;
-1096;
-1007;
-921;
-1081;
-1176;
-916;
-1101;
-1063;
-1094;
-903;
-976;
-1081;
-1008;
-965;
-1015;
-1033;
-873;
-1023;
-1058;
-1089;
-1017;
-892;
-1048;
-1015;
-1043;
-1015;
-944;
-1085;
-1082;
-1046;
-1200;
-1006;
-940;
-1004;
-1180;
-993;
-964;
-1077;
-1068;
-849;
-1004;
-952;
-1096;
-1086;
-939;
-1155;
-1098;
-1102;
-1119;
-1076;
-1038;
-1029;
-1032;
-980;
-1056;
-1038;
-1075;
-1012;
-1139;
-998;
-1031;
-1097;
-1067;
-998;
-1108;
-1117;
-940;
-1012;
-994;
-958;
-1118;
-1056;
-1013;
-950;
-1023;
-1142;
-1158;
-1082;
-999;
-963;
-895;
-932;
-985;
-1075;
-999;
-1054;
-999;
-1129;
-855;
-1121;
-1026;
-1191;
-970;
-964;
-1006;
-1020;
-976;
-941;
-1261;
-988;
-1067;
-1214;
-950;
-1021;
-1088;
-1031;
-1097;
-1063;
-1046;
-1194;
-1048;
-1004;
-1015;
-1063;
-1184;
-1077;
-985;
-1031;
-907;
-1046;
-1044;
-1035;
-1042;
-1066;
-889;
-1065;
-1053;
-1074;
-1000;
-960;
-1118;
-1075;
-1026;
-995;
-918;
-824;
-998;
-966;
-951;
-916;
-1014;
-965;
-999;
-992;
-978;
-1052;
-1057;
-960;
-1075;
-898;
-993;
-1029;
-1027;
-1087;
-1124;
-1128;
-1175;
-1020;
-996;
-984;
-1085;
-1156;
-941;
-1076;
-1152;
-958;
-1034;
-1009;
-1064;
-1098;
-1028;
-1028;
-1114;
-959;
-1025;
-989;
-900;
-894;
-1016;
-1172;
-1073;
-972;
-1069;
-1142;
-1011;
-1067;
-1060;
-1051;
-1159;
-912;
-1214;
-989;
-1057;
-1198;
-1045;
-968;
-1137;
-1104;
-1099;
-899;
-1092;
-1123;
-1048;
-1067;
-1092;
-1029;
-990;
-1123;
-1021;
-902;
-1048;
-762;
-1169;
-1065;
-1037;
-1000;
-992;
-1111;
-1136;
-1024;
-1008;
-1019;
-1053;
-902;
-1004;
-1017;
-1063;
-969;
-1049;
-1034;
-1045;
-975;
-939;
-1238;
-1141;
-994;
-973;
-1042;
-1023;
-976;
-954;
-965;
-991;
-1084;
-1123;
-1002;
-1037;
-1119;
-1139;
-1086;
-1080;
-1037;
-1092;
-952;
-1003;
-952;
-1051;
-1128;
-976;
-1101;
-1052;
-1053;
-972;
-1025;
-1089;
-1083;
-980;
-1074;
-919;
-1077;
-1022;
-1109;
-1076;
-1068;
-1003;
-1150;
-919;
-1034;
-929;
-1020;
-1026;
-1062;
-905;
-1100;
-1015;
-1008;
-1039;
-1098;
-1101;
-1042;
-973;
-1012;
-1182;
-1018;
-1027;
-987;
-1027;
-1023;
-947;
-1097;
-942;
-1072;
-1004;
-971;
-1018;
-996;
-1073;
-1145;
-1025;
-876;
-936;
-971;
-1012;
-977;
-1078;
-952;
-1031;
-1147;
-1013;
-984;
-978;
-1049;
-1105;
-1041;
-1093;
-1038;
-1138;
-1088;
-1062;
-1034;
-1069;
-1095;
-1057;
-947;
-938;
-1093;
-884;
-1025;
-1005;
-1035;
-980;
-1144;
-995;
-1000;
-1059;
-999;
-1040;
-1080;
-1085;
-953;
-1006;
-1089;
-980;
-1013;
-1033;
-1077;
-1068;
-1103;
-988;
-1171;
-1079;
-959;
-1073;
-1125;
-1064;
-915;
-1071;
-1113;
-1029;
-1160;
-1012;
-949;
-1071;
-1064;
-981;
-1054;
-1220;
-1088;
-1066;
-1109;
-1109;
-950;
-1077;
-1055;
-984;
-1142;
-1028;
-1114;
-1087;
-1025;
-1039;
-988;
-1053;
-978;
-989;
-1089;
-947;
-1150;
-1085;
-1090;
-1093;
-1062;
-1020;
-1114;
-968;
-1118;
-990;
-916;
-1085;
-1078;
-1147;
-985;
-1079;
-1115;
-1002;
-1113;
-1024;
-952;
-1044;
-1035;
-934;
-1098;
-1023;
-1058;
-1134;
-1038;
-1145;
-1095;
-957;
-968;
-1028;
-1005;
-1101;
-1020;
-998;
-971;
-974;
-1121;
-1053;
-1059;
-899;
-1023;
-1044;
-1119;
-928;
-1019;
-1147;
-1065;
-994;
-1198;
-913;
-989;
-1223;
-1006;
-1091;
-1047;
-1023;
-1078;
-1085;
-943;
-1041;
-943;
-967;
-1200;
-1098;
-1089;
-1073;
-1065;
-1003;
-1087;
-980;
-984;
-1027;
-1071;
-1152;
-1081;
-1255;
-944;
-1073;
-1029;
-1009;
-1098;
-1109;
-1129;
-908;
-1006;
-986;
-1043;
-1182;
-1141;
-992;
-947;
-985;
-1096;
-935;
-1062;
-1086;
-985;
-1127;
-960;
-1075;
-976;
-1158;
-1076;
-1145;
-1167;
-855;
-984;
-1097;
-1124;
-1090;
-931;
-986;
-1134;
-994;
-998;
-893;
-904;
-1082;
-1113;
-1112;
-959;
-1253;
-920;
-915;
-931;
-1006;
-1111;
-1087;
-1049;
-1034;
-1061;
-1108;
-975;
-1076;
-1031;
-948;
-1064;
-992;
-1005;
-1012;
-1028;
-978;
-1100;
-1105;
-1191;
-1009;
-1069;
-926;
-926;
-1000;
-1093;
-1065;
-1186;
-1051;
-937;
-1120;
-1136;
-998;
-853;
-1075;
-971;
-1091;
-1053;
-915;
-1083;
-1053;
-1027;
-987;
-1141;
-991;
-1131;
-1114;
-1032;
-947;
-1000;
-986;
-1017;
-1010;
-1069;
-1027;
-1134;
-1118;
-932;
-1027;
-1138;
-1065;
-1004;
-919;
-1146;
-1125;
-1164;
-1059;
-1035;
-1061;
-1028;
-970;
-1158;
-1056;
-872;
-1113;
-1050;
-1084;
-1023;
-967;
-944;
-954;
-948;
-1060;
-935;
-988;
-1153;
-1166;
-1087;
-1016;
-1093;
-990;
-988;
-1063;
-947;
-1074;
-952;
-1106;
-1043;
-1083;
-911;
-1063;
-1143;
-1133;
-1229;
-1037;
-980;
-1136;
-948;
-1077;
-1081;
-955;
-945;
-1194;
-866;
-1142;
-959;
-1023;
-1049;
-1140;
-1087;
-797;
-1054;
-1118;
-989;
-1092;
-1042;
-1081;
-982;
-1033;
-1078;
-1055;
-1102;
-1102;
-1013;
-969;
-1067;
-1111;
-1124;
-965;
-1019;
-981;
-1041;
-1041;
-1079;
-1077;
-1090;
-1021;
-1106;
-933;
-965;
-1023;
-1015;
-1028;
-1156;
-898;
-986;
-1062;
-988;
-1000;
-1017;
-894;
-971;
-1037;
-1054;
-1070;
-1056;
-1075;
-950;
-1067;
-989;
-985;
-1116;
-1076;
-1079;
-944;
-1114;
-1104;
-1142;
-990;
-1011;
-1205;
-1044;
-1020;
-952;
-1104;
-943;
-1006;
-1165;
-980;
-1022;
-920;
-1047;
-1062;
-1018;
-1117;
-1072;
-1015;
-1093;
-1102;
-969;
-970;
-1179;
-1081;
-955;
-1085;
-1026;
-1051;
-1035;
-1069;
-1059;
-1016;
-1127;
-1089;
-992;
-1070;
-1042;
-910;
-1134;
-949;
-1212;
-988;
-1138;
-1068;
-978;
-1158;
-1090;
-1053;
-965;
-997;
-1025;
-1003;
-966;
-1068;
-1053;
-1065;
-989;
-875;
-1151;
-987;
-1044;
-1112;
-956;
-964;
-1103;
-1044;
-972;
-982;
-947;
-951;
-1002;
-1066;
-1011;
-1111;
-1066;
-1130;
-983;
-1033;
-974;
-956;
-966;
-929;
-1037;
-1025;
-998;
-988;
-1012;
-1014;
-1070;
-1191;
-1024;
-996;
-1212;
-996;
-1003;
-1001;
-1035;
-1136;
-1003;
-1011;
-1039;
-947;
-1061;
-1164;
-1185;
-997;
-1071;
-1075;
-1055;
-991;
-943;
-966;
-1004;
-978;
-961;
-1164;
-1087;
-1033;
-1116;
-993;
-1047;
-1076;
-984;
-883;
-1045;
-959;
-1092;
-981;
-954;
-1113;
-1013;
-1121;
-899;
-1042;
-978;
-985;
-1032;
-1089;
-1055;
-1018;
-1087;
-1034;
-939;
-1055;
-992;
-1045;
-977;
-1018;
-1048;
-977;
-1139;
-1056;
-1080;
-994;
-1034;
-1004;
-1090;
-935;
-1041;
-1039;
-1144;
-1087;
-911;
-922;
-1066;
-1052;
-1108;
-1071;
-1022;
-1050;
-993;
-1121;
-1026;
-928;
-1030;
-1078;
-1098;
-1037;
-1072;
-1104;
-1231;
-1016;
-1292;
-919;
-1072;
-974;
-1058;
-1133;
-972;
-892;
-1086;
-1107;
-910;
-1112;
-1000;
-1145;
-958;
-1055;
-1094;
-998;
-1164;
-980;
-960;
-1049;
-1023;
-988;
-1231;
-1005;
-1097;
-965;
-987;
-922;
-978;
-1005;
-1030;
-1096;
-1074;
-978;
-1052;
-1174;
-1072;
-1103;
-1066;
-939;
-947;
-1041;
-990;
-1085;
-1042;
-915;
-930;
-1041;
-1033;
-922;
-1174;
-899;
-1128;
-1039;
-1030;
-1128;
-1014;
-1109;
-1079;
-963;
-1084;
-1078;
-942;
-1111;
-1018;
-1161;
-951;
-958;
-1079;
-1024;
-975;
-1101;
-1148;
-921;
-1181;
-966;
-980;
-1031;
-1030;
-864;
-960;
-1096;
-997;
-1041;
-1143;
-868;
-920;
-977;
-1003;
-1151;
-949;
-1121;
-928;
-1039;
-1222;
-1050;
-913;
-1027;
-1071;
-1160;
-1003;
-954;
-1136;
-1012;
-1009;
-954;
-1033;
-1071;
-1053;
-1005;
-933;
-967;
-994;
-968;
-985;
-1022;
-1144;
-909;
-1007;
-966;
-1003;
-969;
-1094;
-1120;
-945;
-1163;
-963;
-1041;
-998;
-1058;
-1076;
-1136;
-942;
-996;
-1025;
-1135;
-1104;
-1051;
-1038;
-1044;
-1095;
-1019;
-986;
-1041;
-924;
-1056;
-1028;
-926;
-913;
-1117;
-1134;
-1047;
-1080;
-944;
-974;
-1204;
-1251;
-913;
-1001;
-936;
-991;
-1137;
-1031;
-1138;
-1086;
-964;
-1012;
-1030;
-1241;
-1113;
-953;
-1061;
-971;
-1038;
-1000;
-976;
-1091;
-1218;
-1035;
-992;
-938;
-979;
-965;
-951;
-1036;
-996;
-1061;
-1019;
-973;
-1115;
-1096;
-1092;
-1072;
-1139;
-900;
-1011;
-1030;
-961;
-1190;
-1014;
-1082;
-973;
-1079;
-918;
-1069;
-1127;
-953;
-1141;
-1078;
-1002;
-907;
-995;
-1015;
-965;
-806;
-1066;
-1097;
-949;
-1004;
-1071;
-1018;
-1017;
-975;
-912;
-986;
-1007;
-1097;
-1061;
-943;
-1172;
-1177;
-979;
-1098;
-1174;
-1010;
-1112;
-1065;
-974;
-874;
-1175;
-994;
-1059;
-1004;
-1013;
-1090;
-936;
-1006;
-1048;
-1120;
-1155;
-917;
-990;
-980;
-1080;
-1033;
-989;
-929;
-1074;
-969;
-904;
-901;
-1032;
-877;
-1105;
-965;
-1058;
-1170;
-1012;
-898;
-874;
-1034;
-953;
-1030;
-1063;
-995;
-1108;
-914;
-1093;
-1092;
-991;
-1088;
-1085;
-940;
-974;
-1078;
-1069;
-998;
-987;
-1010;
-1069;
-990;
-1115;
-989;
-913;
-1118;
-924;
-1000;
-1101;
-1135;
-1061;
-1090;
-1122;
-1132;
-1066;
-1066;
-1079;
-1031;
-1034;
-1049;
-1158;
-1014;
-1163;
-1066;
-909;
-983;
-977;
-1107;
-1057;
-1009;
-1104;
-859;
-1120;
-1071;
-1012;
-946;
-1067;
-1059;
-1059;
-1063;
-925;
-1028;
-959;
-895;
-1041;
-1093;
-1115;
-888;
-1080;
-1014;
-966;
-1130;
-1043;
-1070;
-1030;
-1127;
-1032;
-996;
-902;
-1238;
-997;
-932;
-1055;
-980;
-959;
-1123;
-1109;
-1201;
-1009;
-1043;
-1133;
-959;
-1032;
-911;
-980;
-1072;
-1100;
-986;
-995;
-1086;
-934;
-935;
-1075;
-952;
-834;
-887;
-1144;
-948;
-1038;
-971;
-978;
-940;
-1200;
-1114;
-1120;
-1153;
-904;
-960;
-1088;
-1042;
-872;
-1107;
-908;
-1084;
-925;
-1052;
-1057;
-978;
-999;
-927;
-1106;
-905;
-942;
-1038;
-943;
-1079;
-928;
-1045;
-1123;
-1098;
-1045;
-980;
-945;
-1148;
-1140;
-996;
-1013;
-1192;
-1132;
-1171;
-965;
-1167;
-993;
-1170;
-990;
-989;
-1061;
-1063;
-971;
-986;
-847;
-1182;
-1183;
-1057;
-1033;
-966;
-999;
-998;
-1195;
-1068;
-910;
-913;
-987;
-1062;
-1104;
-974;
-1085;
-1082;
-1068;
-965;
-1153;
-1033;
-952;
-968;
-859;
-992;
-1266;
-1048;
-1100;
-994;
-1050;
-1019;
-974;
-969;
-910;
-959;
-1116;
-1033;
-1075;
-1044;
-940;
-911;
-1061;
-920;
-1073;
-922;
-1063;
-935;
-1000;
-1024;
-936;
-981;
-1080;
-1064;
-1177;
-957;
-1009;
-941;
-992;
-985;
-985;
-1124;
-1163;
-1050;
-1007;
-1001;
-1128;
-898;
-1083;
-1033;
-1093;
-854;
-1094;
-962;
-1115;
-1094;
-989;
-1120;
-950;
-1112;
-1070;
-959;
-1056;
-1050;
-1013;
-1000;
-996;
-1057;
-993;
-1071;
-1114;
-1092;
-1044;
-1190;
-1115;
-1011;
-916;
-1104;
-1002;
-1009;
-1028;
-1001;
-930;
-1048;
-1075;
-935;
-1052;
-950;
-980;
-1170;
-1199;
-933;
-1072;
-1135;
-1071;
-975;
-996;
-1056;
-985;
-1016;
-981;
-1007;
-1053;
-1237;
-1091;
-992;
-852;
-932;
-1169;
-1140;
-986;
-1198;
-974;
-1063;
-983;
-1029;
-1072;
-1004;
-1113;
-1020;
-970;
-925;
-1055;
-1066;
-1033;
-947;
-1040;
-1062;
-1047;
-1024;
-1093;
-982;
-1026;
-1126;
-1004;
-1043;
-971;
-977;
-973;
-1107;
-992;
-959;
-1090;
-1068;
-1089;
-984;
-1019;
-1067;
-1067;
-1158;
-1058;
-1044;
-1226;
-947;
-1115;
-1156;
-898;
-1001;
-1024;
-1049;
-1045;
-1076;
-976;
-877;
-1109;
-1080;
-1048;
-1013;
-1087;
-1003;
-1060;
-1078;
-1110;
-1014;
-989;
-1016;
-1009;
-946;
-1033;
-1047;
-990;
-1057;
-1121;
-1003;
-1054;
-1066;
-1181;
-887;
-1071;
-1080;
-1027;
-1106;
-1193;
-1077;
-1076;
-1039;
-1206;
-934;
-1020;
-988;
-1108;
-1154;
-1005;
-1067;
-1037;
-1115;
-1078;
-1111;
-995;
-1030;
-1018;
-1038;
-945;
-1135;
-1022;
-1101;
-1045;
-1051;
-1043;
-1022;
-956;
-903;
-1095;
-971;
-1155;
-986;
-1046;
-970;
-997;
-1163;
-999;
-1071;
-998;
-1105;
-1137;
-939;
-941;
-1038;
-1028;
-1099;
-1059;
-1059;
-948;
-898;
-987;
-1037;
-996;
-1022;
-1010;
-1083;
-1018;
-1094;
-997;
-1075;
-1014;
-1074;
-1095;
-990;
-942;
-956;
-1170;
-973;
-982;
-1100;
-1004;
-922;
-959;
-1188;
-960;
-1074;
-1078;
-1104;
-1118;
-1082;
-1090;
-1052;
-1008;
-1100;
-977;
-894;
-1031;
-1105;
-1094;
-1055;
-1110;
-986;
-895;
-991;
-1110;
-1296;
-1063;
-982;
-948;
-1209;
-1091;
-1063;
-1176;
-1143;
-1003;
-991;
-1037;
-883;
-1005;
-1026;
-1078;
-913;
-1091;
-1044;
-1017;
-1060;
-1012;
-1078;
-1067;
-1121;
-941;
-1196;
-1087;
-1086;
-1040;
-1056;
-977;
-1069;
-1037;
-1020;
-1027;
-1120;
-970;
-971;
-925;
-1103;
-1111;
-1111;
-1025;
-1017;
-1075;
-1025;
-881;
-919;
-1072;
-1013;
-981;
-1092;
-1016;
-1090;
-1105;
-997;
-1155;
-946;
-1068;
-1112;
-1132;
-930;
-1035;
-1040;
-999;
-1034;
-1077;
-1013;
-1118;
-1033;
-966;
-1095;
-993;
-1112;
-1027;
-914;
-1035;
-1024;
-895;
-993;
-1067;
-1067;
-978;
-1097;
-947;
-1115;
-936;
-980;
-1038;
-1010;
-1013;
-947;
-1065;
-964;
-904;
-959;
-896;
-1045;
-1126;
-999;
-986;
-847;
-1024;
-1001;
-1070;
-1040;
-1114;
-914;
-1050;
-1034;
-1147;
-1071;
-865;
-1097;
-974;
-1133;
-1002;
-949;
-1153;
-979;
-1047;
-1026;
-902;
-1127;
-1190;
-1060;
-1062;
-1134;
-969;
-925;
-1024;
-1021;
-1105;
-1141;
-1071;
-987;
-1134;
-951;
-1076;
-1056;
-965;
-1097;
-1099;
-1091;
-957;
-1043;
-1096;
-1005;
-993;
-1050;
-965;
-1142;
-1066;
-1055;
-1056;
-1038;
-911;
-953;
-1042;
-947;
-956;
-935;
-1295;
-1047;
-951;
-1035;
-1000;
-1082;
-1052;
-1093;
-989;
-909;
-1095;
-1007;
-874;
-1086;
-893;
-1096;
-1041;
-1120;
-1055;
-1096;
-966;
-992;
-966;
-1034;
-1123;
-1092;
-1195;
-1056;
-967;
-1094;
-886;
-1142;
-1032;
-983;
-982;
-1028;
-1079;
-872;
-965;
-1022;
-929;
-920;
-1097;
-1176;
-1057;
-1058;
-1047;
-1195;
-1118;
-913;
-1150;
-1071;
-1105;
-954;
-966;
-1101;
-956;
-1055;
-997;
-1066;
-1226;
-1025;
-1098;
-1039;
-950;
-1132;
-1076;
-1090;
-909;
-1016;
-909;
-1059;
-1102;
-1120;
-1241;
-1018;
-972;
-968;
-1082;
-1041;
-1011;
-965;
-1157;
-973;
-1078;
-1187;
-931;
-893;
-1084;
-1025;
-1138;
-1176;
-1072;
-1171;
-1059;
-1026;
-1001;
-1071;
-934;
-945;
-1078;
-991;
-1084;
-938;
-1042;
-1114;
-1028;
-1113;
-1138;
-933;
-987;
-1100;
-1015;
-944;
-930;
-1159;
-1029;
-1092;
-1019;
-941;
-999;
-1056;
-1104;
-1055;
-1034;
-1069;
-1006;
-1129;
-1021;
-1092;
-1111;
-1037;
-1159;
-997;
-1169;
-1026;
-937;
-907;
-968;
-1064;
-1069;
-1059;
-1147;
-997;
-1134;
-1044;
-1025;
-1106;
-1080;
-1064;
-1091;
-981;
-996;
-975;
-1008;
-961;
-1097;
-1025;
-1105;
-1072;
-982;
-969;
-1106;
-897;
-1086;
-1015;
-982;
-1020;
-897;
-849;
-1109;
-1041;
-1060;
-1030;
-1010;
-1078;
-1116;
-1129;
-1151;
-908;
-1131;
-1176;
-1052;
-1151;
-1115;
-873;
-1034;
-1072;
-1125;
-927;
-1001;
-1031;
-1088;
-1030;
-1072;
-1126;
-899;
-1105;
-1097;
-1072;
-937;
-1101;
-1123;
-941;
-1101;
-1148;
-1049;
-1025;
-1023;
-1044;
-990;
-1047;
-900;
-867;
-1111;
-955;
-1073;
-1098;
-964;
-921;
-1107;
-974;
-957;
-961;
-1114;
-1062;
-1037;
-995;
-1092;
-1016;
-1217;
-1088;
-1167;
-893;
-893;
-972;
-1220;
-949;
-996;
-1097;
-1010;
-1054;
-1058;
-879;
-1093;
-984;
-952;
-935;
-990;
-1023;
-1035;
-1063;
-1001;
-1021;
-916;
-1020;
-1123;
-1135;
-993;
-1011;
-847;
-1022;
-1008;
-1143;
-1072;
-1190;
-1053;
-1020;
-1084;
-984;
-1016;
-976;
-1004;
-1007;
-1042;
-1052;
-980;
-854;
-983;
-1014;
-1151;
-1033;
-1102;
-997;
-976;
-887;
-1084;
-986;
-1020;
-1078;
-1043;
-1052;
-1068;
-1036;
-1003;
-1161;
-1010;
-954;
-1161;
-1167;
-1270;
-1168;
-1096;
-1025;
-1133;
-1075;
-1032;
-1013;
-1104;
-1062;
-1034;
-1030;
-1190;
-1044;
-999;
-1022;
-1062;
-1012;
-902;
-984;
-967;
-1167;
-1080;
-1127;
-856;
-1000;
-989;
-1108;
-1080;
-971;
-1061;
-875;
-1072;
-1016;
-1042;
-1002;
-974;
-1110;
-1091;
-947;
-1077;
-1045;
-1050;
-960;
-1124;
-992;
-1046;
-983;
-1056;
-985;
-1097;
-982;
-1042;
-1024;
-1096;
-1052;
-1085;
-1046;
-1013;
-1184;
-1072;
-1085;
-1059;
-944;
-1013;
-1069;
-1104;
-1136;
-1094;
-993;
-1103;
-1066;
-1003;
-900;
-1049;
-1102;
-1068;
-1014;
-997;
-1031;
-851;
-976;
-1066;
-1123;
-1044;
-1109;
-915;
-1003;
-943;
-1058;
-1119;
-1054;
-947;
-1042;
-1028;
-993;
-1046;
-1204;
-1095;
-1087;
-918;
-1020;
-999;
-947;
-1119;
-1070;
-1098;
-976;
-990;
-1169;
-953;
-995;
-1082;
-899;
-1063;
-993;
-1051;
-1032;
-1148;
-1071;
-945;
-999;
-1021;
-1111;
-1046;
-1055;
-1195;
-1047;
-1055;
-1025;
-956;
-946;
-1038;
-1058;
-1041;
-1116;
-974;
-1063;
-1055;
-1038;
-1160;
-937;
-1080;
-1036;
-1047;
-988;
-1023;
-1076;
-985;
-1085;
-929;
-1016;
-1077;
-1044;
-1092;
-1086;
-1054;
-1045;
-1092;
-1113;
-1003;
-1138;
-1046;
-1031;
-1021;
-1076;
-955;
-1029;
-1044;
-1056;
-930;
-967;
-933;
-930;
-1143;
-1024;
-916;
-1135;
-1203;
-1061;
-1037;
-976;
-1004;
-1058;
-1054;
-866;
-1003;
-1023;
-962;
-980;
-1211;
-1006;
-1101;
-1028;
-951;
-940;
-1038;
-1095;
-1142;
-1110;
-1055;
-1189;
-988;
-1096;
-1067;
-1067;
-998;
-1055;
-1005;
-1094;
-925;
-1014;
-985;
-1079;
-970;
-992;
-980;
-859;
-1123;
-913;
-988;
-1013;
-1017;
-1009;
-1029;
-991;
-961;
-1045;
-932;
-1031;
-943;
-1101;
-1054;
-892;
-1010;
-1120;
-942;
-1011;
-1079;
-962;
-1000;
-1113;
-1099;
-1059;
-1056;
-1186;
-1042;
-1022;
-1113;
-1090;
-1021;
-1102;
-949;
-1003;
-867;
-1008;
-1024;
-1115;
-1042;
-1045;
-913;
-1063;
-1095;
-1092;
-1072;
-1049;
-1099;
-1117;
-963;
-1086;
-1219;
-987;
-889;
-961;
-1013;
-1036;
-977;
-1072;
-941;
-1051;
-1040;
-1148;
-1070;
-1061;
-981;
-1225;
-1082;
-923;
-1103;
-956;
-1034;
-982;
-1017;
-988;
-1067;
-1122;
-949;
-1042;
-1079;
-1121;
-987;
-917;
-1106;
-1116;
-932;
-1032;
-1170;
-1021;
-1058;
-1092;
-1114;
-1198;
-1055;
-975;
-974;
-947;
-997;
-990;
-919;
-1113;
-1076;
-902;
-1075;
-1129;
-1137;
-1043;
-1031;
-935;
-1125;
-984;
-1045;
-1078;
-1122;
-1160;
-1132;
-1018;
-970;
-1113;
-1030;
-1099;
-923;
-854;
-1039;
-1099;
-1012;
-1138;
-974;
-1080;
-1013;
-1113;
-1032;
-1081;
-1108;
-958;
-1019;
-960;
-1177;
-1106;
-946;
-1037;
-1140;
-1025;
-1119;
-1033;
-1105;
-941;
-1138;
-986;
-1079;
-1043;
-982;
-1147;
-1022;
-1030;
-1104;
-947;
-1012;
-1134;
-1123;
-974;
-982;
-1117;
-995;
-1103;
-1075;
-1011;
-984;
-1066;
-1091;
-1085;
-1073;
-1060;
-955;
-898;
-912;
-998;
-1131;
-982;
-937;
-965;
-1091;
-1162;
-1058;
-1183;
-1069;
-1238;
-1178;
-1171;
-1139;
-867;
-1071;
-1063;
-971;
-1013;
-1126;
-1027;
-976;
-912;
-1047;
-1042;
-1004;
-1002;
-1104;
-1051;
-1003;
-1059;
-933;
-1048;
-1271;
-1170;
-1096;
-985;
-1052;
-1036;
-1025;
-1015;
-1234;
-1132;
-1159;
-1065;
-976;
-1004;
-1188;
-1018;
-1018;
-1114;
-1003;
-1047;
-1054;
-1131;
-1047;
-1029;
-1026;
-1008;
-1033;
-1002;
-1025;
-1020;
-1103;
-1021;
-1148;
-1086;
-1104;
-1029;
-995;
-965;
-1048;
-1111;
-951;
-950;
-995;
-954;
-1017;
-988;
-1085;
-1071;
-852;
-1033;
-940;
-1061;
-1007;
-1042;
-1038;
-987;
-1133;
-1113;
-1062;
-878;
-1095;
-1014;
-1163;
-938;
-1096;
-987;
-1038;
-1155;
-1083;
-1013;
-1060;
-1164;
-908;
-1102;
-938;
-997;
-895;
-936;
-1064;
-1092;
-1124;
-1244;
-1029;
-923;
-1114;
-996;
-1019;
-914;
-1028;
-977;
-1132;
-1002;
-986;
-995;
-997;
-1180;
-1018;
-1008;
-915;
-1115;
-1039;
-1146;
-996;
-1182;
-1081;
-1168;
-1040;
-1103;
-959;
-1101;
-1068;
-957;
-964;
-1062;
-1069;
-1137;
-954;
-972;
-1001;
-1056;
-1086;
-1076;
-1077;
-1076;
-1103;
-1122;
-945;
-962;
-1092;
-1070;
-1045;
-1069;
-1002;
-1139;
-1147;
-1101;
-1042;
-1153;
-1113;
-1023;
-1065;
-1126;
-1039;
-988;
-983;
-1017;
-977;
-1014;
-1005;
-1037;
-1149;
-1187;
-1002;
-1012;
-1168;
-1307;
-1037;
-1069;
-1190;
-915;
-865;
-1045;
-1056;
-931;
-1050;
-1015;
-1104;
-984;
-1073;
-1092;
-1036;
-1061;
-986;
-993;
-1097;
-1050;
-1120;
-896;
-1020;
-1060;
-1132;
-1088;
-978;
-918;
-1169;
-1083;
-1004;
-1049;
-896;
-1066;
-988;
-1113;
-1181;
-1068;
-1151;
-1151;
-1043;
-1075;
-1000;
-1152;
-1085;
-935;
-1024;
-984;
-1058;
-907;
-1083;
-1041;
-987;
-1003;
-1136;
-1002;
-1076;
-1071;
-926;
-954;
-1092;
-1068;
-1047;
-876;
-1005;
-1059;
-999;
-992;
-1136;
-1001;
-1170;
-867;
-983;
-1027;
-910;
-1096;
-990;
-1012;
-1118;
-1103;
-1070;
-1056;
-991;
-1126;
-1048;
-1158;
-1129;
-1054;
-883;
-1048;
-1018;
-978;
-1104;
-941;
-1107;
-984;
-1077;
-1142;
-957;
-934;
-1045;
-1044;
-1016;
-1000;
-1192;
-1042;
-1027;
-1000;
-1104;
-1101;
-1039;
-981;
-936;
-1155;
-1126;
-979;
-1047;
-1033;
-1150;
-957;
-1004;
-935;
-1128;
-921;
-1059;
-1080;
-1155;
-977;
-925;
-939;
-1043;
-922;
-1149;
-1065;
-1105;
-951;
-1100;
-1004;
-1170;
-1133;
-1046;
-993;
-1114;
-1123;
-1037;
-914;
-1012;
-1042;
-1133;
-1048;
-1202;
-981;
-1004;
-922;
-1083;
-1083;
-958;
-1069;
-963;
-1154;
-1086;
-1039;
-1063;
-1046;
-1157;
-1053;
-1072;
-1100;
-968;
-905;
-865;
-1148;
-1044;
-1190;
-1203;
-1013;
-1075;
-996;
-1069;
-985;
-1097;
-971;
-1073;
-1114;
-912;
-1073;
-1065;
-1175;
-996;
-1057;
-1062;
-1064;
-1057;
-1199;
-1083;
-1000;
-1002;
-1133;
-1090;
-1026;
-1079;
-1132;
-1065;
-1143;
-926;
-992;
-979;
-1074;
-1003;
-1109;
-1090;
-990;
-1023;
-957;
-1134;
-991;
-1038;
-965;
-1054;
-1044;
-983;
-1131;
-1058;
-1126;
-1132;
-1103;
-991;
-1020;
-1170;
-1110;
-997;
-1112;
-1109;
-1021;
-1093;
-1062;
-973;
-1107;
-1138;
-1106;
-944;
-1066;
-976;
-1062;
-1073;
-979;
-947;
-1035;
-1091;
-1034;
-1077;
-1025;
-1001;
-884;
-1040;
-957;
-986;
-997;
-1170;
-996;
-961;
-990;
-1011;
-954;
-992;
-993;
-940;
-948;
-1091;
-1138;
-1035;
-1072;
-1082;
-1012;
-1088;
-1028;
-924;
-1081;
-1128;
-1124;
-1134;
-1025;
-999;
-1049;
-1075;
-1059;
-950;
-1065;
-967;
-986;
-1027;
-1089;
-1082;
-961;
-1204;
-1083;
-1079;
-1075;
-1076;
-1066;
-1100;
-996;
-1048;
-932;
-1062;
-962;
-1022;
-1053;
-922;
-1096;
-997;
-1166;
-1058;
-1160;
-1102;
-969;
-1010;
-1038;
-880;
-1071;
-1014;
-1078;
-854;
-872;
-933;
-1033;
-992;
-1027;
-1035;
-1086;
-1121;
-1074;
-1041;
-1070;
-1043;
-1080;
-1001;
-959;
-1041;
-1051;
-1089;
-1138;
-1058;
-1188;
-1002;
-915;
-1017;
-1082;
-976;
-1067;
-948;
-1061;
-1053;
-1160;
-1033;
-991;
-1048;
-918;
-944;
-1039;
-988;
-972;
-1005;
-1029;
-1153;
-1019;
-1011;
-1199;
-1174;
-1034;
-993;
-1018;
-1100;
-965;
-1043;
-1085;
-1028;
-865;
-1133;
-1038;
-1060;
-1050;
-1073;
-1020;
-1024;
-1171;
-994;
-842;
-1080;
-907;
-1044;
-1097;
-1033;
-1024;
-1007;
-1112;
-947;
-946;
-1016;
-1054;
-1177;
-1079;
-1067;
-904;
-1140;
-1169;
-1062;
-1040;
-1001;
-894;
-1100;
-1120;
-975;
-1163;
-1044;
-966;
-1001;
-1066;
-869;
-903;
-952;
-1030;
-1064;
-1132;
-1229;
-1019;
-1065;
-1085;
-961;
-1191;
-1050;
-1191;
-1182;
-1106;
-982;
-1129;
-976;
-1100;
-1030;
-957;
-1108;
-1135;
-1084;
-1014;
-1024;
-1009;
-936;
-1125;
-1010;
-1017;
-1065;
-1060;
-1021;
-1077;
-1119;
-994;
-993;
-1025;
-1049;
-1087;
-997;
-971;
-1092;
-1132;
-983;
-970;
-1136;
-959;
-836;
-955;
-982;
-1091;
-1045;
-1037;
-1071;
-1044;
-1143;
-990;
-1045;
-1092;
-1079;
-1196;
-1072;
-1042;
-937;
-1003;
-1132;
-1047;
-1125;
-953;
-1048;
-994;
-1065;
-1022;
-1105;
-1007;
-988;
-1016;
-1149;
-986;
-966;
-1159;
-1082;
-1104;
-1025;
-918;
-910;
-1025;
-886;
-946;
-937;
-1082;
-1015;
-982;
-995;
-929;
-1004;
-1049;
-1045;
-1091;
-1061;
-1055;
-1025;
-939;
-1080;
-1039;
-1174;
-1030;
-1076;
-1111;
-982;
-1147;
-971;
-1022;
-1007;
-1181;
-1044;
-1137;
-992;
-1059;
-986;
-894;
-1235;
-1002;
-1001;
-962;
-1033;
-1028;
-1104;
-948;
-1145;
-1046;
-899;
-1043;
-1128;
-965;
-1032;
-926;
-1128;
-1013;
-1006;
-1131;
-1164;
-1102;
-961;
-1052;
-934;
-1015;
-1098;
-990;
-1172;
-1060;
-1044;
-1146;
-945;
-941;
-1066;
-1105;
-1031;
-952;
-949;
-1037;
-906;
-959;
-1005;
-1030;
-1084;
-1064;
-923;
-889;
-1030;
-1004;
-1083;
-954;
-1124;
-1046;
-963;
-1043;
-1079;
-1029;
-993;
-1081;
-1101;
-1045;
-999;
-997;
-957;
-1066;
-1046;
-1165;
-1054;
-880;
-1030;
-1030;
-1032;
-1012;
-976;
-948;
-1077;
-1072;
-1022;
-1010;
-1010;
-1031;
-1014;
-1088;
-956;
-1018;
-923;
-916;
-1197;
-1019;
-1027;
-868;
-1088;
-940;
-975;
-1130;
-1023;
-1090;
-1099;
-1053;
-1001;
-1047;
-944;
-1052;
-978;
-889;
-1235;
-1070;
-1061;
-986;
-1011;
-1099;
-1001;
-947;
-1009;
-1085;
-971;
-1106;
-913;
-998;
-984;
-942;
-991;
-1052;
-976;
-996;
-1139;
-974;
-1044;
-967;
-1036;
-1201;
-1016;
-1056;
-1078;
-998;
-1130;
-993;
-972;
-1158;
-1089;
-1114;
-1052;
-1119;
-1065;
-934;
-1125;
-1145;
-1149;
-1218;
-969;
-1114;
-1068;
-1126;
-1088;
-1154;
-995;
-890;
-1039;
-1100;
-1067;
-1055;
-1121;
-1214;
-938;
-1109;
-1082;
-986;
-1005;
-924;
-1057;
-964;
-962;
-1081;
-1047;
-1148;
-1056;
-899;
-1171;
-1216;
-1084;
-1073;
-1081;
-1140;
-1084;
-1060;
-1216;
-1136;
-1192;
-1064;
-1021;
-1060;
-1009;
-1048;
-1081;
-885;
-1007;
-1045;
-1094;
-1042;
-937;
-1014;
-1053;
-1057;
-1040;
-1038;
-899;
-980;
-919;
-1034;
-1096;
-1005;
-942;
-1005;
-1087;
-936;
-972;
-1031;
-1059;
-1018;
-1156;
-1057;
-1015;
-1004;
-1002;
-960;
-1145;
-1039;
-1025;
-1081;
-1090;
-1084;
-1047;
-1040;
-1051;
-1063;
-957;
-1005;
-956;
-1038;
-966;
-910;
-1067;
-991;
-975;
-956;
-1247;
-1029;
-1097;
-1085;
-1105;
-938;
-963;
-1101;
-1120;
-1035;
-1030;
-1089;
-1039;
-1121;
-1069;
-990;
-1087;
-1154;
-1079;
-1077;
-1095;
-776;
-984;
-1100;
-981;
-1186;
-1141;
-929;
-1106;
-1060;
-1025;
-969;
-974;
-1055;
-1044;
-1046;
-1075;
-858;
-959;
-1064;
-1053;
-975;
-1115;
-959;
-1085;
-1087;
-1111;
-947;
-1022;
-995;
-1094;
-1015;
-983;
-1088;
-1049;
-1139;
-976;
-1100;
-942;
-1146;
-930;
-1130;
-1020;
-1052;
-1071;
-1104;
-967;
-1065;
-1012;
-1047;
-999;
-1036;
-912;
-988;
-985;
-1101;
-1017;
-1146;
-973;
-1011;
-1040;
-953;
-1032;
-1009;
-909;
-1034;
-957;
-1034;
-1024;
-1202;
-1060;
-1131;
-1098;
-928;
-1193;
-1078;
-1082;
-1002;
-970;
-1142;
-1060;
-1084;
-1125;
-1000;
-1024;
-913;
-994;
-1102;
-1093;
-1124;
-1056;
-1012;
-936;
-1082;
-1125;
-1026;
-963;
-1053;
-938;
-1011;
-992;
-1054;
-1114;
-1012;
-1040;
-1127;
-1092;
-981;
-1017;
-1195;
-1001;
-1131;
-941;
-1078;
-1135;
-1110;
-1080;
-1002;
-962;
-1060;
-1057;
-1106;
-1046;
-1104;
-865;
-949;
-1016;
-1112;
-1101;
-1121;
-1040;
-920;
-1057;
-1050;
-990;
-997;
-1029;
-1091;
-1223;
-1138;
-1196;
-927;
-977;
-1084;
-1111;
-912;
-990;
-1192;
-984;
-1167;
-971;
-1152;
-1023;
-1118;
-1060;
-1082;
-939;
-1088;
-1085;
-962;
-1043;
-981;
-997;
-1080;
-1193;
-1082;
-973;
-1028;
-1115;
-1226;
-1000;
-1036;
-1012;
-1107;
-979;
-955;
-906;
-1056;
-986;
-1003;
-1066;
-1210;
-1006;
-1126;
-1163;
-1165;
-1033;
-974;
-1203;
-888;
-1000;
-1113;
-1115;
-1026;
-1027;
-1083;
-976;
-1057;
-1221;
-1063;
-1109;
-1066;
-1069;
-1003;
-975;
-1011;
-1090;
-1086;
-1128;
-966;
-1028;
-776;
-1116;
-1103;
-1095;
-1100;
-1126;
-1015;
-1020;
-963;
-1019;
-1018;
-1086;
-1156;
-968;
-988;
-1018;
-1100;
-1016;
-1005;
-1167;
-1115;
-981;
-1018;
-965;
-952;
-1143;
-1043;
-1055;
-1064;
-1073;
-1083;
-849;
-1031;
-944;
-1049;
-915;
-1106;
-984;
-958;
-1034;
-974;
-937;
-971;
-1124;
-1053;
-1079;
-1127;
-968;
-1073;
-1187;
-927;
-1065;
-1204;
-1009;
-1097;
-1049;
-983;
-1014;
-1093;
-960;
-1055;
-1080;
-1058;
-869;
-1077;
-1100;
-972;
-994;
-1092;
-1074;
-1025;
-1205;
-854;
-963;
-950;
-956;
-916;
-1064;
-953;
-975;
-993;
-994;
-980;
-1104;
-912;
-1025;
-1036;
-1055;
-1033;
-1050;
-1177;
-1089;
-996;
-1109;
-969;
-940;
-1073;
-1163;
-1103;
-1090;
-964;
-1104;
-1015;
-975;
-1065;
-979;
-975;
-1171;
-1053;
-1121;
-905;
-1045;
-862;
-1091;
-886;
-1079;
-995;
-971;
-1077;
-1009;
-1237;
-1019;
-961;
-1008;
-1105;
-1165;
-1085;
-1039;
-1044;
-888;
-963;
-1169;
-958;
-981;
-1121;
-1054;
-1171;
-1009;
-1079;
-946;
-944;
-941;
-1078;
-1084;
-1036;
-809;
-1087;
-1121;
-883;
-993;
-964;
-1019;
-1105;
-1188;
-989;
-994;
-1085;
-1096;
-991;
-941;
-963;
-1039;
-997;
-883;
-992;
-1063;
-898;
-1010;
-967;
-963;
-988;
-1113;
-1172;
-943;
-882;
-1039;
-1010;
-1154;
-1038;
-1188;
-968;
-1084;
-1068;
-1053;
-1064;
-1105;
-1129;
-1051;
-924;
-1134;
-1225;
-1053;
-1094;
-988;
-1067;
-987;
-1057;
-973;
-1047;
-1018;
-1042;
-949;
-1128;
-997;
-847;
-1037;
-1018;
-1082;
-1052;
-1037;
-1025;
-971;
-1112;
-1031;
-1072;
-1043;
-1096;
-1080;
-1151;
-1026;
-1066;
-1133;
-991;
-1093;
-959;
-950;
-1041;
-1092;
-1132;
-1157;
-860;
-1059;
-1040;
-1056;
-1002;
-1073;
-1001;
-991;
-1192;
-1113;
-942;
-1063;
-1071;
-1096;
-1231;
-1021;
-1026;
-966;
-1013;
-1142;
-1014;
-1023;
-1035;
-1066;
-1023;
-1057;
-1081;
-944;
-1086;
-916;
-987;
-907;
-948;
-1097;
-1183;
-948;
-1033;
-1083;
-982;
-1049;
-1204;
-871;
-1094;
-1100;
-943;
-1002;
-900;
-1208;
-1221;
-1017;
-1059;
-1029;
-994;
-969;
-1065;
-962;
-947;
-1020;
-1096;
-1000;
-1015;
-1080;
-1011;
-1003;
-1117;
-1186;
-984;
-1026;
-930;
-1039;
-1000;
-1062;
-1052;
-1061;
-962;
-1003;
-1024;
-958;
-1057;
-1011;
-1097;
-1049;
-891;
-1118;
-989;
-820;
-970;
-1056;
-948;
-1052;
-1005;
-1024;
-1200;
-978;
-1006;
-1013;
-1080;
-945;
-923;
-962;
-1086;
-1120;
-1068;
-1121;
-946;
-975;
-972;
-968;
-1086;
-1055;
-1007;
-1075;
-994;
-1005;
-980;
-978;
-1035;
-996;
-948;
-1104;
-1052;
-1061;
-1056;
-1098;
-1134;
-1025;
-1086;
-1067;
-1088;
-1031;
-953;
-1067;
-1124;
-1018;
-1053;
-1021;
-981;
-1145;
-984;
-1012;
-921;
-931;
-985;
-1037;
-1047;
-1160;
-971;
-1075;
-988;
-1055;
-1143;
-1116;
-947;
-1141;
-938;
-1160;
-858;
-1068;
-868;
-965;
-1086;
-1004;
-1126;
-1101;
-990;
-994;
-1055;
-1055;
-950;
-976;
-1148;
-1136;
-960;
-1130;
-1111;
-932;
-1042;
-1185;
-1039;
-1067;
-1002;
-1051;
-1136;
-958;
-1107;
-1131;
-961;
-1072;
-1044;
-1079;
-913;
-945;
-840;
-1000;
-978;
-983;
-1158;
-974;
-954;
-937;
-1019;
-1243;
-1119;
-1005;
-1002;
-1009;
-1126;
-969;
-1138;
-849;
-1019;
-1014;
-916;
-913;
-1078;
-1102;
-1097;
-1184;
-848;
-1057;
-1072;
-1176;
-1045;
-1123;
-886;
-842;
-914;
-1032;
-1002;
-985;
-961;
-1044;
-1087;
-1044;
-1103;
-1113;
-1035;
-900;
-990;
-1035;
-1108;
-974;
-1043;
-1094;
-1177;
-891;
-1090;
-994;
-927;
-1103;
-1084;
-939;
-948;
-884;
-934;
-1073;
-991;
-1098;
-1086;
-1021;
-1053;
-932;
-1159;
-1067;
-1048;
-1011;
-977;
-1069;
-1111;
-1074;
-963;
-1104;
-1048;
-1137;
-1130;
-1095;
-1099;
-1191;
-1013;
-1064;
-982;
-997;
-1168;
-1009;
-1070;
-989;
-1085;
-1051;
-1053;
-1073;
-936;
-1018;
-1027;
-1137;
-1095;
-1131;
-1031;
-951;
-1034;
-1037;
-1052;
-1253;
-949;
-1013;
-925;
-1170;
-904;
-1051;
-1112;
-1032;
-1075;
-1130;
-1187;
-925;
-1000;
-1234;
-987;
-1028;
-1065;
-979;
-926;
-1156;
-933;
-893;
-1096;
-1142;
-1054;
-1170;
-926;
-994;
-984;
-966;
-862;
-1049;
-941;
-847;
-979;
-1112;
-1080;
-1099;
-1015;
-948;
-1335;
-979;
-1102;
-1010;
-999;
-1003;
-929;
-1063;
-1105;
-1078;
-1051;
-899;
-1019;
-1075;
-1081;
-933;
-1063;
-1071;
-980;
-997;
-1086;
-1062;
-1055;
-1185;
-1131;
-1033;
-990;
-975;
-950;
-997;
-1042;
-909;
-1105;
-1146;
-982;
-1110;
-1015;
-1058;
-1107;
-967;
-999;
-1020;
-1109;
-958;
-972;
-1127;
-1191;
-1119;
-1020;
-1083;
-1026;
-1104;
-1185;
-967;
-1009;
-980;
-1027;
-1001;
-1088;
-1095;
-1038;
-1064;
-910;
-1168;
-934;
-1192;
-999;
-1021;
-930;
-1025;
-991;
-961;
-1028;
-999;
-1050;
-1096;
-911;
-1048;
-965;
-1124;
-1165;
-938;
-1089;
-968;
-1038;
-1049;
-979;
-978;
-1093;
-976;
-1132;
-983;
-1087;
-983;
-1066;
-1051;
-1268;
-1119;
-932;
-1031;
-1123;
-974;
-932;
-1154;
-1033;
-1101;
-936;
-1029;
-963;
-950;
-1187;
-1022;
-978;
-1010;
-967;
-1130;
-1130;
-966;
-845;
-1018;
-1084;
-927;
-1070;
-974;
-921;
-973;
-949;
-1059;
-967;
-1048;
-1109;
-840;
-1212;
-1061;
-1050;
-1075;
-893;
-1041;
-1038;
-939;
-987;
-1023;
-1145;
-1101;
-968;
-1121;
-1233;
-1002;
-1025;
-1006;
-1073;
-1050;
-887;
-1041;
-949;
-922;
-1087;
-1101;
-1076;
-1042;
-945;
-968;
-1143;
-989;
-1165;
-972;
-1055;
-1055;
-985;
-1118;
-1020;
-1014;
-1086;
-976;
-916;
-1101;
-1113;
-982;
-1001;
-1070;
-975;
-994;
-1020;
-1085;
-964;
-1019;
-1071;
-1107;
-895;
-1071;
-809;
-1003;
-980;
-879;
-1020;
-997;
-1158;
-916;
-899;
-1141;
-1085;
-1036;
-1035;
-1077;
-1009;
-1072;
-1136;
-1004;
-908;
-1195;
-1117;
-977;
-1026;
-1137;
-927;
-949;
-1052;
-1117;
-1025;
-1074;
-909;
-889;
-983;
-1206;
-1029;
-1017;
-1053;
-1128;
-898;
-1020;
-927;
-1044;
-1107;
-889;
-1055;
-1125;
-921;
-967;
-1030;
-1078;
-1053;
-972;
-1219;
-1008;
-1040;
-1012;
-905;
-1062;
-958;
-1066;
-966;
-1019;
-1134;
-978;
-1008;
-994;
-998;
-956;
-972;
-875;
-971;
-924;
-925;
-1036;
-990;
-1080;
-971;
-968;
-913;
-1051;
-1058;
-1056;
-1049;
-1080;
-967;
-965;
-1087;
-1058;
-992;
-985;
-982;
-1132;
-1122;
-968;
-1026;
-1056;
-1006;
-997;
-1246;
-1060;
-1277;
-1032;
-1089;
-1051;
-979;
-1028;
-1047;
-904;
-1065;
-1017;
-1038;
-1122;
-1051;
-1049;
-1041;
-988;
-1081;
-983;
-1063;
-1065;
-998;
-973;
-975;
-995;
-1168;
-1118;
-1000;
-1153;
-990;
-881;
-821;
-1108;
-1079;
-1093;
-1043;
-971;
-979;
-927;
-1011;
-1169;
-1125;
-1023;
-1019;
-1171;
-1065;
-1140;
-1005;
-1155;
-1181;
-1047;
-1075;
-1074;
-1043;
-1039;
-1081;
-941;
-1048;
-981;
-970;
-1030;
-1072;
-984;
-1034;
-823;
-1067;
-1115;
-1063;
-890;
-1003;
-1126;
-994;
-1041;
-1074;
-1046;
-992;
-1053;
-898;
-916;
-1001;
-1029;
-1076;
-1005;
-1094;
-1075;
-1034;
-981;
-1116;
-968;
-940;
-969;
-977;
-975;
-1000;
-1108;
-994;
-1077;
-1065;
-996;
-1048;
-1013;
-1027;
-1042;
-942;
-1101;
-987;
-977;
-990;
-1016;
-862;
-1074;
-1107;
-1045;
-991;
-1065;
-1100;
-1112;
-1016;
-1063;
-1076;
-955;
-1083;
-1025;
-1212;
-949;
-1006;
-954;
-1086;
-1146;
-997;
-969;
-979;
-1079;
-1219;
-1116;
-1011;
-1031;
-915;
-943;
-944;
-961;
-1158;
-1043;
-1024;
-1138;
-1208;
-1073;
-1069;
-1076;
-1028;
-952;
-1015;
-1083;
-1104;
-1045;
-1006;
-934;
-999;
-1063;
-1125;
-936;
-1052;
-1013;
-1097;
-956;
-1112;
-1123;
-1187;
-1038;
-957;
-1172;
-1015;
-1078;
-987;
-1115;
-991;
-1096;
-1092;
-975;
-1186;
-976;
-1004;
-828;
-1016;
-1099;
-1049;
-1001;
-955;
-1163;
-1122;
-1116;
-1063;
-1113;
-1075;
-956;
-1113;
-980;
-968;
-1069;
-1092;
-982;
-1073;
-1001;
-1025;
-1078;
-1088;
-899;
-1085;
-962;
-994;
-966;
-901;
-1043;
-1094;
-1117;
-955;
-1157;
-1108;
-860;
-932;
-1043;
-1123;
-1123;
-1019;
-1018;
-992;
-1043;
-910;
-1128;
-1084;
-904;
-1013;
-1001;
-1112;
-965;
-937;
-1074;
-1173;
-952;
-1035;
-1018;
-1129;
-1024;
-1017;
-1044;
-1004;
-1041;
-937;
-976;
-1094;
-1016;
-944;
-1054;
-1163;
-1025;
-1111;
-1131;
-1011;
-1121;
-1003;
-1098;
-1049;
-998;
-1045;
-1051;
-983;
-1030;
-1031;
-927;
-1134;
-878;
-1008;
-955;
-947;
-1093;
-1064;
-1116;
-1073;
-1068;
-1102;
-1052;
-1039;
-1166;
-1015;
-1120;
-895;
-1035;
-899;
-1089;
-1076;
-1022;
-1052;
-1023;
-1025;
-1009;
-991;
-985;
-1015;
-1202;
-860;
-1036;
-1169;
-983;
-1071;
-1081;
-1060;
-1094;
-1150;
-1186;
-993;
-1036;
-1033;
-1073;
-860;
-1173;
-1130;
-970;
-989;
-1158;
-935;
-1096;
-935;
-1023;
-971;
-906;
-968;
-1074;
-1043;
-1047;
-1072;
-975;
-1083;
-1131;
-1093;
-1024;
-961;
-1010;
-1030;
-942;
-999;
-962;
-997;
-961;
-1022;
-1035;
-854;
-1020;
-1056;
-997;
-1118;
-1056;
-1012;
-1163;
-1017;
-1120;
-1080;
-1038;
-1016;
-1094;
-1060;
-967;
-1011;
-953;
-1043;
-1069;
-965;
-1090;
-1122;
-1019;
-1062;
-1047;
-1105;
-1117;
-1003;
-1011;
-1051;
-949;
-1015;
-1145;
-996;
-1002;
-1026;
-1003;
-1076;
-1211;
-1088;
-1090;
-932;
-1080;
-1003;
-1090;
-1050;
-939;
-1129;
-1069;
-1059;
-998;
-881;
-1058;
-1052;
-960;
-1028;
-905;
-1023;
-1021;
-1020;
-1072;
-1043;
-1097;
-975;
-1006;
-1082;
-975;
-974;
-954;
-1069;
-932;
-925;
-1014;
-1078;
-940;
-1107;
-1210;
-1028;
-1065;
-992;
-1151;
-998;
-1021;
-1129;
-1173;
-982;
-1145;
-1005;
-1073;
-1061;
-1068;
-996;
-1066;
-1107;
-1051;
-1092;
-1035;
-977;
-944;
-1045;
-954;
-1118;
-1036;
-953;
-935;
-1070;
-946;
-1071;
-997;
-1058;
-864;
-1046;
-1075;
-976;
-1183;
-1025;
-1069;
-909;
-1061;
-1077;
-1033;
-1088;
-1089;
-1095;
-994;
-1085;
-1029;
-1088;
-979;
-914;
-1013;
-1013;
-1098;
-955;
-1116;
-1081;
-1056;
-1017;
-1002;
-953;
-965;
-998;
-1066;
-1050;
-1042;
-1031;
-1005;
-1078;
-1006;
-1073;
-1052;
-1090;
-1142;
-1141;
-989;
-1023;
-1075;
-961;
-1030;
-1070;
-1045;
-1102;
-1022;
-1101;
-998;
-1050;
-1031;
-966;
-1104;
-1125;
-1081;
-1123;
-1260;
-958;
-1058;
-1010;
-947;
-1097;
-1077;
-1077;
-1084;
-968;
-1052;
-1075;
-1135;
-1006;
-1041;
-1086;
-908;
-1045;
-912;
-1009;
-995;
-965;
-1020;
-1171;
-964;
-1077;
-1056;
-1149;
-1036;
-1122;
-1046;
-1043;
-1137;
-1067;
-1069;
-1014;
-924;
-1019;
-1072;
-1046;
-1031;
-1072;
-1085;
-922;
-1119;
-1166;
-1215;
-1054;
-999;
-1021;
-1058;
-962;
-986;
-1060;
-1139;
-949;
-1104;
-1066;
-1144;
-1100;
-949;
-1009;
-1053;
-1124;
-1046;
-1126;
-1032;
-1021;
-1069;
-1091;
-1112;
-1112;
-1001;
-1098;
-1202;
-986;
-1031;
-1029;
-1028;
-865;
-1022;
-1097;
-996;
-1077;
-1056;
-1111;
-1149;
-971;
-1130;
-1024;
-996;
-956;
-976;
-986;
-1189;
-999;
-985;
-1001;
-1095;
-1085;
-865;
-991;
-1057;
-1111;
-1025;
-1061;
-1029;
-952;
-985;
-906;
-981;
-979;
-1104;
-960;
-1107;
-1019;
-1047;
-1141;
-1041;
-891;
-889;
-875;
-1133;
-936;
-1126;
-1069;
-1008;
-889;
-860;
-978;
-1013;
-1031;
-944;
-1056;
-1148;
-1066;
-1151;
-1022;
-1056;
-984;
-907;
-952;
-1164;
-920;
-995;
-1069;
-990;
-973;
-1113;
-1011;
-949;
-1025;
-1128;
-908;
-1047;
-1088;
-989;
-997;
-1014;
-862;
-1076;
-1149;
-1049;
-965;
-1055;
-1074;
-1120;
-1055;
-973;
-920;
-891;
-1007;
-911;
-1027;
-1155;
-1098;
-1065;
-1003;
-1089;
-1110;
-1056;
-1083;
-978;
-1080;
-1009;
-1181;
-1108;
-1061;
-926;
-898;
-959;
-902;
-1013;
-1045;
-1143;
-965;
-1105;
-1133;
-1060;
-1014;
-1015;
-901;
-1142;
-952;
-1025;
-1151;
-1071;
-1073;
-1030;
-969;
-1129;
-923;
-890;
-1096;
-1107;
-1141;
-979;
-1080;
-1139;
-998;
-1151;
-971;
-1014;
-1198;
-1234;
-1085;
-1005;
-1043;
-1034;
-1002;
-1027;
-1118;
-1037;
-1005;
-1117;
-959;
-924;
-1164;
-1085;
-1042;
-981;
-1055;
-1042;
-1038;
-1138;
-1049;
-1098;
-1110;
-1038;
-1115;
-1062;
-947;
-1036;
-945;
-1041;
-1040;
-1004;
-1010;
-1035;
-1111;
-1042;
-982;
-1064;
-1015;
-969;
-922;
-991;
-960;
-1037;
-1057;
-960;
-1117;
-1129;
-1098;
-1091;
-1125;
-976;
-1053;
-946;
-1032;
-1167;
-960;
-977;
-1048;
-1119;
-984;
-1111;
-1092;
-1095;
-971;
-1027;
-1107;
-1075;
-1059;
-984;
-921;
-1148;
-1142;
-878;
-958;
-1109;
-1107;
-1021;
-998;
-979;
-897;
-963;
-1077;
-1103;
-1154;
-1015;
-969;
-1159;
-970;
-1024;
-962;
-1233;
-1056;
-1124;
-951;
-938;
-1165;
-1036;
-1077;
-1006;
-1006;
-1144;
-1061;
-1007;
-949;
-972;
-1088;
-1138;
-989;
-1063;
-1123;
-1086;
-1195;
-1057;
-937;
-1127;
-1048;
-1160;
-1030;
-1006;
-1076;
-946;
-998;
-1068;
-1111;
-1034;
-1099;
-1114;
-1009;
-1081;
-901;
-1112;
-1100;
-1078;
-1227;
-949;
-1002;
-971;
-957;
-1010;
-1126;
-952;
-979;
-1191;
-950;
-1044;
-968;
-1044;
-883;
-940;
-1092;
-1031;
-1064;
-999;
-1053;
-1091;
-994;
-901;
-1052;
-946;
-1103;
-973;
-1027;
-1077;
-934;
-1077;
-1049;
-983;
-921;
-1037;
-1066;
-1006;
-1060;
-1137;
-1048;
-1044;
-1173;
-1079;
-1064;
-1052;
-1173;
-1099;
-974;
-991;
-1140;
-927;
-1093;
-985;
-1029;
-1017;
-1046;
-977;
-1178;
-973;
-847;
-1089;
-1062;
-1054;
-956;
-1016;
-1069;
-1026;
-1143;
-997;
-1012;
-1013;
-997;
-1182;
-1051;
-1064;
-1098;
-970;
-1014;
-1036;
-1069;
-1065;
-1133;
-1041;
-1037;
-1064;
-1093;
-1068;
-1084;
-943;
-1048;
-951;
-1017;
-907;
-949;
-1013;
-1024;
-1045;
-1179;
-1063;
-1004;
-1064;
-978;
-986;
-986;
-1024;
-976;
-996;
-966;
-1082;
-1174;
-1132;
-986;
-1006;
-938;
-1000;
-964;
-960;
-1124;
-1061;
-1071;
-963;
-1189;
-1121;
-1057;
-1054;
-892;
-973;
-934;
-1079;
-1115;
-1168;
-1000;
-1090;
-1131;
-990;
-1084;
-966;
-1026;
-985;
-1036;
-913;
-1000;
-1047;
-1052;
-1091;
-1023;
-1044;
-1064;
-1104;
-1137;
-961;
-989;
-1250;
-1103;
-1004;
-1043;
-1115;
-1179;
-1197;
-1165;
-1050;
-922;
-1169;
-1094;
-973;
-950;
-1045;
-1034;
-946;
-1000;
-1029;
-1194;
-986;
-1044;
-1063;
-1049;
-991;
-1014;
-996;
-1119;
-951;
-947;
-980;
-995;
-1089;
-896;
-992;
-1154;
-1114;
-982;
-1128;
-947;
-975;
-1180;
-1071;
-977;
-1065;
-1155;
-997;
-995;
-1074;
-1155;
-970;
-1025;
-1104;
-1042;
-1074;
-1164;
-999;
-964;
-864;
-1045;
-1072;
-1061;
-1051;
-1043;
-1035;
-996;
-1130;
-1103;
-1088;
-1098;
-1193;
-1195;
-1053;
-1158;
-921;
-1058;
-901;
-1207;
-1049;
-1049;
-961;
-1128;
-1136;
-1105;
-1061;
-982;
-1014;
-1084;
-1188;
-1094;
-1078;
-1032;
-1143;
-1013;
-1011;
-1066;
-1091;
-965;
-1066;
-1007;
-1101;
-1028;
-982;
-1029;
-1011;
-1025;
-937;
-1042;
-1021;
-948;
-1098;
-1072;
-1111;
-1208;
-1123;
-988;
-1149;
-1087;
-1055;
-1033;
-1021;
-1070;
-1143;
-1099;
-1137;
-934;
-1056;
-1068;
-1014;
-1036;
-937;
-1014;
-1125;
-1075;
-988;
-1020;
-1115;
-1022;
-1009;
-984;
-1079;
-1115;
-1086;
-1058;
-1248;
-1045;
-1115;
-902;
-1114;
-1036;
-1035;
-913;
-1063;
-1023;
-1049;
-909;
-940;
-889;
-1005;
-1044;
-1130;
-1011;
-898;
-1106;
-996;
-1088;
-1078;
-1087;
-920;
-1058;
-1024;
-856;
-982;
-1062;
-1148;
-1143;
-1017;
-1193;
-1067;
-1211;
-1198;
-1014;
-1123;
-999;
-1023;
-1035;
-1161;
-1082;
-993;
-1099;
-977;
-1027;
-1027;
-1037;
-912;
-1047;
-1166;
-1009;
-990;
-1045;
-1028;
-1076;
-953;
-1178;
-1002;
-1013;
-1040;
-1030;
-988;
-1095;
-1079;
-1030;
-987;
-1053;
-1148;
-1021;
-934;
-967;
-1010;
-1085;
-1080;
-993;
-1031;
-1016;
-1013;
-1016;
-955;
-976;
-1028;
-1106;
-994;
-1097;
-1071;
-1118;
-1121;
-980;
-1018;
-966;
-1104;
-1097;
-1031;
-954;
-999;
-900;
-989;
-925;
-1079;
-1056;
-1090;
-1027;
-932;
-1007;
-1088;
-1046;
-1080;
-1008;
-1206;
-995;
-994;
-1032;
-972;
-882;
-1186;
-1042;
-1051;
-1084;
-1208;
-939;
-1086;
-962;
-992;
-1102;
-1084;
-843;
-989;
-1097;
-1115;
-1035;
-1109;
-965;
-1029;
-914;
-1087;
-1176;
-985;
-1075;
-1094;
-952;
-920;
-1025;
-854;
-988;
-1124;
-975;
-1105;
-1139;
-1093;
-1148;
-995;
-1059;
-1141;
-1115;
-1126;
-919;
-1104;
-1040;
-1042;
-892;
-893;
-1010;
-1104;
-1142;
-1040;
-916;
-1095;
-1140;
-1167;
-1123;
-967;
-1030;
-1126;
-1093;
-1076;
-1006;
-1137;
-1125;
-1048;
-1073;
-1024;
-1009;
-1008;
-945;
-1135;
-1097;
-1106;
-952;
-1169;
-1089;
-991;
-1038;
-963;
-1042;
-1076;
-1163;
-965;
-1186;
-1131;
-1019;
-985;
-1047;
-1107;
-945;
-1096;
-1035;
-1024;
-1010;
-1079;
-982;
-842;
-922;
-1051;
-949;
-1133;
-994;
-1120;
-1093;
-1124;
-1038;
-1075;
-1100;
-1106;
-1016;
-981;
-1022;
-1009;
-1065;
-961;
-953;
-1007;
-1167;
-1018;
-1101;
-993;
-1143;
-937;
-1017;
-926;
-1000;
-1148;
-935;
-1070;
-1025;
-958;
-1047;
-1029;
-981;
-996;
-1104;
-1091;
-1055;
-987;
-1041;
-1011;
-993;
-1140;
-1041;
-1092;
-1019;
-924;
-1078;
-1040;
-933;
-983;
-1068;
-1213;
-1061;
-1031;
-1048;
-1020;
-994;
-1065;
-1039;
-993;
-974;
-1013;
-965;
-1103;
-1006;
-785;
-970;
-1123;
-1100;
-1142;
-852;
-1093;
-1008;
-918;
-970;
-996;
-971;
-1116;
-1021;
-1015;
-910;
-1079;
-1105;
-1088;
-921;
-1052;
-989;
-947;
-969;
-982;
-1020;
-1133;
-1073;
-1010;
-1146;
-1008;
-1023;
-997;
-1040;
-1081;
-1005;
-996;
-933;
-1088;
-1069;
-1126;
-1155;
-984;
-1111;
-1082;
-1056;
-1066;
-975;
-940;
-1241;
-1120;
-872;
-981;
-1184;
-1048;
-1052;
-1103;
-1014;
-1092;
-1182;
-1151;
-1034;
-1017;
-1032;
-1023;
-916;
-1010;
-1027;
-992;
-977;
-957;
-1023;
-1044;
-992;
-1145;
-998;
-1013;
-897;
-1067;
-997;
-1115;
-968;
-1101;
-1016;
-1146;
-1137;
-1055;
-1040;
-1019;
-1178;
-1066;
-1099;
-988;
-1103;
-1023;
-1061;
-1032;
-1023;
-1068;
-958;
-1094;
-1142;
-1100;
-1082;
-1024;
-1084;
-980;
-1067;
-919;
-1013;
-940;
-1032;
-900;
-1078;
-1157;
-1005;
-1130;
-1149;
-898;
-1016;
-1168;
-1015;
-1092;
-918;
-1147;
-902;
-1011;
-1028;
-1106;
-1036;
-1144;
-1064;
-928;
-1134;
-1101;
-1106;
-1066;
-1016;
-981;
-928;
-921;
-1144;
-964;
-965;
-884;
-1007;
-1166;
-1020;
-1006;
-1162;
-1098;
-997;
-980;
-925;
-927;
-1043;
-989;
-1016;
-1004;
-849;
-1005;
-983;
-1112;
-985;
-1058;
-1022;
-1018;
-1200;
-1091;
-1084;
-1115;
-922;
-989;
-949;
-1036;
-966;
-965;
-979;
-1126;
-1035;
-1135;
-1119;
-1129;
-1084;
-1074;
-1025;
-986;
-1084;
-1098;
-982;
-1050;
-975;
-1108;
-1071;
-1132;
-977;
-1102;
-931;
-1052;
-1124;
-971;
-921;
-1081;
-977;
-1071;
-1032;
-952;
-947;
-1087;
-1090;
-1014;
-962;
-1139;
-1058;
-961;
-1179;
-1158;
-1151;
-976;
-912;
-1005;
-1167;
-896;
-1102;
-998;
-1035;
-1001;
-876;
-1061;
-966;
-1124;
-988;
-933;
-1066;
-980;
-954;
-907;
-938;
-1135;
-1095;
-968;
-992;
-1048;
-904;
-1116;
-1053;
-1039;
-1056;
-1034;
-934;
-1068;
-995;
-1073;
-1055;
-1021;
-1058;
-1131;
-919;
-1054;
-1009;
-1160;
-1002;
-1021;
-997;
-921;
-1088;
-1041;
-981;
-1066;
-1095;
-1057;
-961;
-1041;
-1182;
-1087;
-1044;
-1034;
-1059;
-998;
-985;
-911;
-1053;
-1063;
-948;
-1133;
-1011;
-1112;
-971;
-1049;
-1159;
-1008;
-1092;
-960;
-993;
-1041;
-1073;
-932;
-1010;
-964;
-946;
-990;
-1100;
-1052;
-1097;
-1041;
-1094;
-994;
-1037;
-972;
-1146;
-948;
-1010;
-1063;
-947;
-1065;
-1040;
-1016;
-1077;
-1101;
-1098;
-917;
-995;
-1086;
-1157;
-1042;
-1129;
-938;
-1215;
-1105;
-985;
-1106;
-1029;
-1059;
-1081;
-1051;
-1056;
-1178;
-1003;
-1042;
-965;
-975;
-1024;
-1035;
-1061;
-1034;
-881;
-1030;
-1037;
-787;
-960;
-888;
-930;
-966;
-1009;
-1226;
-1030;
-1045;
-1162;
-1004;
-1060;
-998;
-1135;
-1017;
-940;
-956;
-1111;
-1061;
-912;
-1067;
-919;
-1032;
-1037;
-1004;
-1087;
-997;
-993;
-1143;
-982;
-1008;
-1084;
-997;
-997;
-1050;
-1097;
-995;
-1057;
-1022;
-1164;
-1097;
-1079;
-1127;
-1030;
-1105;
-1055;
-1067;
-1017;
-1090;
-1047;
-1152;
-1108;
-1026;
-992;
-1047;
-1108;
-1143;
-999;
-1155;
-936;
-1011;
